oraec70	http://sith.huma-num.fr/karnak/3450
oraec81	http://sith.huma-num.fr/karnak/1002
oraec85	http://sith.huma-num.fr/karnak/1012
oraec92	http://sith.huma-num.fr/karnak/1013
oraec214	http://sith.huma-num.fr/karnak/5610
oraec287	http://sith.huma-num.fr/karnak/1002
oraec394	http://sith.huma-num.fr/karnak/1012
oraec496	http://sith.huma-num.fr/karnak/1006
oraec523	http://sith.huma-num.fr/karnak/3450
oraec564	http://sith.huma-num.fr/karnak/5990
oraec588	http://sith.huma-num.fr/karnak/1013
oraec712	http://sith.huma-num.fr/karnak/1014
oraec925	http://sith.huma-num.fr/karnak/1005
oraec1048	http://sith.huma-num.fr/karnak/1024
oraec1050	http://sith.huma-num.fr/karnak/1012
oraec1068	http://sith.huma-num.fr/karnak/3450
oraec1120	http://sith.huma-num.fr/karnak/1019
oraec1476	http://sith.huma-num.fr/karnak/1017
oraec1667	http://sith.huma-num.fr/karnak/1011
oraec1982	http://sith.huma-num.fr/karnak/1018
oraec2229	http://sith.huma-num.fr/karnak/1007
oraec2559	http://sith.huma-num.fr/karnak/1023
oraec2623	http://sith.huma-num.fr/karnak/3450
oraec2639	http://sith.huma-num.fr/karnak/1016
oraec2648	http://sith.huma-num.fr/karnak/1020
oraec3033	http://sith.huma-num.fr/karnak/1013
oraec3307	http://sith.huma-num.fr/karnak/1021
oraec5354	http://sith.huma-num.fr/karnak/1009
oraec8036	http://sith.huma-num.fr/karnak/1008
oraec8038	http://sith.huma-num.fr/karnak/1010
oraec12793	http://sith.huma-num.fr/karnak/5990