170100	http://sith.huma-num.fr/vocable/566
81	http://sith.huma-num.fr/toponyme/31
103	http://sith.huma-num.fr/toponyme/291
854954	http://sith.huma-num.fr/toponyme/118
863579	http://sith.huma-num.fr/theonyme/121
860196	http://sith.huma-num.fr/titulature/200
211	http://sith.huma-num.fr/toponyme/66
271	http://sith.huma-num.fr/theonyme/26
709489	http://sith.huma-num.fr/anthroponyme/18
332	http://sith.huma-num.fr/toponyme/447
2	http://sith.huma-num.fr/vocable/608
5	http://sith.huma-num.fr/vocable/656
7	http://sith.huma-num.fr/vocable/535
17	http://sith.huma-num.fr/vocable/1246
39	http://sith.huma-num.fr/vocable/916
42	http://sith.huma-num.fr/vocable/104
49	http://sith.huma-num.fr/vocable/48
72	http://sith.huma-num.fr/vocable/1213
74	http://sith.huma-num.fr/vocable/942
73	http://sith.huma-num.fr/vocable/1004
63	http://sith.huma-num.fr/vocable/1526
89	http://sith.huma-num.fr/vocable/1164
93	http://sith.huma-num.fr/vocable/533
102	http://sith.huma-num.fr/vocable/1124
107	http://sith.huma-num.fr/vocable/449
117	http://sith.huma-num.fr/vocable/1304
128	http://sith.huma-num.fr/vocable/1123
144	http://sith.huma-num.fr/vocable/652
145	http://sith.huma-num.fr/vocable/970
186	http://sith.huma-num.fr/vocable/1570
191	http://sith.huma-num.fr/vocable/689
200	http://sith.huma-num.fr/vocable/69
600475	http://sith.huma-num.fr/vocable/476
253	http://sith.huma-num.fr/vocable/1273
216	http://sith.huma-num.fr/vocable/534
217	http://sith.huma-num.fr/vocable/546
221	http://sith.huma-num.fr/vocable/722
227	http://sith.huma-num.fr/vocable/89
228	http://sith.huma-num.fr/vocable/615
237	http://sith.huma-num.fr/theonyme/91
258	http://sith.huma-num.fr/vocable/744
265	http://sith.huma-num.fr/vocable/754
289	http://sith.huma-num.fr/vocable/495
290	http://sith.huma-num.fr/vocable/1616
314	http://sith.huma-num.fr/vocable/590
326	http://sith.huma-num.fr/vocable/1355
334	http://sith.huma-num.fr/vocable/704
340	http://sith.huma-num.fr/vocable/1104
353	http://sith.huma-num.fr/vocable/1240
855014	http://sith.huma-num.fr/toponyme/141
850200	http://sith.huma-num.fr/toponyme/81
850333	http://sith.huma-num.fr/theonyme/59
450271	http://sith.huma-num.fr/anthroponyme/29
854961	http://sith.huma-num.fr/toponyme/124
701641	http://sith.huma-num.fr/anthroponyme/26
23080	http://sith.huma-num.fr/theonyme/116
22790	http://sith.huma-num.fr/toponyme/9
22850	http://sith.huma-num.fr/toponyme/8
22740	http://sith.huma-num.fr/toponyme/29
22660	http://sith.huma-num.fr/toponyme/26
855013	http://sith.huma-num.fr/toponyme/135
24360	http://sith.huma-num.fr/toponyme/37
858994	http://sith.huma-num.fr/toponyme/247
24240	http://sith.huma-num.fr/toponyme/2
855018	http://sith.huma-num.fr/toponyme/142
26060	http://sith.huma-num.fr/theonyme/1
26120	http://sith.huma-num.fr/theonyme/3
800040	http://sith.huma-num.fr/toponyme/334
400161	http://sith.huma-num.fr/titulature/272
400161	http://sith.huma-num.fr/titulature/17
400161	http://sith.huma-num.fr/titulature/18
500004	http://sith.huma-num.fr/theonyme/10
853481	http://sith.huma-num.fr/theonyme/66
600285	http://sith.huma-num.fr/titulature/236
400835	http://sith.huma-num.fr/titulature/352
856866	http://sith.huma-num.fr/titulature/130
856866	http://sith.huma-num.fr/titulature/238
400838	http://sith.huma-num.fr/titulature/51
854986	http://sith.huma-num.fr/toponyme/356
26850	http://sith.huma-num.fr/theonyme/36
400804	http://sith.huma-num.fr/theonyme/117
850643	http://sith.huma-num.fr/toponyme/197
27300	http://sith.huma-num.fr/toponyme/245
27360	http://sith.huma-num.fr/theonyme/106
400974	http://sith.huma-num.fr/toponyme/336
854971	http://sith.huma-num.fr/toponyme/476
859557	http://sith.huma-num.fr/toponyme/358
859562	http://sith.huma-num.fr/toponyme/355
859556	http://sith.huma-num.fr/toponyme/357
852493	http://sith.huma-num.fr/toponyme/294
854921	http://sith.huma-num.fr/toponyme/76
854953	http://sith.huma-num.fr/toponyme/293
30130	http://sith.huma-num.fr/theonyme/155
854942	http://sith.huma-num.fr/toponyme/240
600070	http://sith.huma-num.fr/titulature/307
854978	http://sith.huma-num.fr/toponyme/152
32030	http://sith.huma-num.fr/toponyme/17
854947	http://sith.huma-num.fr/toponyme/242
800026	http://sith.huma-num.fr/toponyme/40
853277	http://sith.huma-num.fr/toponyme/348
859079	http://sith.huma-num.fr/toponyme/366
858501	http://sith.huma-num.fr/toponyme/443
32770	http://sith.huma-num.fr/vocable/1562
33040	http://sith.huma-num.fr/theonyme/2
854918	http://sith.huma-num.fr/toponyme/73
854919	http://sith.huma-num.fr/toponyme/74
859086	http://sith.huma-num.fr/toponyme/362
20360	http://sith.huma-num.fr/vocable/461
20100	http://sith.huma-num.fr/vocable/943
20120	http://sith.huma-num.fr/vocable/944
20190	http://sith.huma-num.fr/vocable/1617
20380	http://sith.huma-num.fr/vocable/597
20390	http://sith.huma-num.fr/vocable/1565
20430	http://sith.huma-num.fr/vocable/309
20560	http://sith.huma-num.fr/vocable/1418
24990	http://sith.huma-num.fr/vocable/832
25010	http://sith.huma-num.fr/vocable/1597
20830	http://sith.huma-num.fr/vocable/486
20880	http://sith.huma-num.fr/vocable/1346
854996	http://sith.huma-num.fr/theonyme/62
21160	http://sith.huma-num.fr/vocable/1619
21180	http://sith.huma-num.fr/vocable/1288
21190	http://sith.huma-num.fr/vocable/1618
21430	http://sith.huma-num.fr/vocable/1281
34840	http://sith.huma-num.fr/vocable/1100
21670	http://sith.huma-num.fr/vocable/1195
21680	http://sith.huma-num.fr/vocable/132
850186	http://sith.huma-num.fr/vocable/1620
21780	http://sith.huma-num.fr/vocable/1425
21881	http://sith.huma-num.fr/vocable/204
21940	http://sith.huma-num.fr/vocable/1453
22160	http://sith.huma-num.fr/vocable/300
21930	http://sith.huma-num.fr/vocable/766
22460	http://sith.huma-num.fr/vocable/77
22420	http://sith.huma-num.fr/vocable/134
22520	http://sith.huma-num.fr/vocable/882
22550	http://sith.huma-num.fr/vocable/1265
22570	http://sith.huma-num.fr/vocable/1392
22610	http://sith.huma-num.fr/vocable/381
22800	http://sith.huma-num.fr/vocable/265
22900	http://sith.huma-num.fr/theonyme/54
851542	http://sith.huma-num.fr/theonyme/63
22910	http://sith.huma-num.fr/vocable/536
22930	http://sith.huma-num.fr/vocable/660
22960	http://sith.huma-num.fr/vocable/1308
22970	http://sith.huma-num.fr/vocable/1050
23000	http://sith.huma-num.fr/vocable/609
23290	http://sith.huma-num.fr/vocable/49
450607	http://sith.huma-num.fr/vocable/1239
23520	http://sith.huma-num.fr/vocable/687
23540	http://sith.huma-num.fr/vocable/1502
23780	http://sith.huma-num.fr/vocable/380
23820	http://sith.huma-num.fr/vocable/1607
24070	http://sith.huma-num.fr/vocable/994
24140	http://sith.huma-num.fr/vocable/68
24430	http://sith.huma-num.fr/vocable/157
24610	http://sith.huma-num.fr/vocable/1586
24640	http://sith.huma-num.fr/vocable/1512
25120	http://sith.huma-num.fr/vocable/935
25350	http://sith.huma-num.fr/vocable/676
25550	http://sith.huma-num.fr/vocable/516
500051	http://sith.huma-num.fr/vocable/985
400138	http://sith.huma-num.fr/vocable/962
854489	http://sith.huma-num.fr/vocable/575
25060	http://sith.huma-num.fr/vocable/60
25090	http://sith.huma-num.fr/vocable/705
851706	http://sith.huma-num.fr/vocable/852
26030	http://sith.huma-num.fr/vocable/1650
26150	http://sith.huma-num.fr/vocable/1644
26180	http://sith.huma-num.fr/toponyme/244
26270	http://sith.huma-num.fr/theonyme/153
26660	http://sith.huma-num.fr/vocable/174
27040	http://sith.huma-num.fr/vocable/659
26780	http://sith.huma-num.fr/vocable/804
26870	http://sith.huma-num.fr/vocable/267
27180	http://sith.huma-num.fr/vocable/360
27350	http://sith.huma-num.fr/vocable/1266
27420	http://sith.huma-num.fr/vocable/941
27560	http://sith.huma-num.fr/vocable/31
27700	http://sith.huma-num.fr/vocable/1424
27710	http://sith.huma-num.fr/vocable/865
27880	http://sith.huma-num.fr/vocable/861
27940	http://sith.huma-num.fr/vocable/200
90020	http://sith.huma-num.fr/vocable/1147
90090	http://sith.huma-num.fr/vocable/372
90120	http://sith.huma-num.fr/vocable/329
851427	http://sith.huma-num.fr/vocable/417
851427	http://sith.huma-num.fr/vocable/1559
856127	http://sith.huma-num.fr/vocable/948
94060	http://sith.huma-num.fr/vocable/948
29610	http://sith.huma-num.fr/vocable/589
28250	http://sith.huma-num.fr/vocable/665
28580	http://sith.huma-num.fr/vocable/84
28430	http://sith.huma-num.fr/vocable/1302
851809	http://sith.huma-num.fr/vocable/20
29740	http://sith.huma-num.fr/vocable/119
29840	http://sith.huma-num.fr/vocable/318
30000	http://sith.huma-num.fr/vocable/1396
854491	http://sith.huma-num.fr/vocable/124
176	http://sith.huma-num.fr/vocable/897
30300	http://sith.huma-num.fr/vocable/543
30360	http://sith.huma-num.fr/vocable/1236
30410	http://sith.huma-num.fr/vocable/774
30660	http://sith.huma-num.fr/vocable/1323
30490	http://sith.huma-num.fr/vocable/1334
30750	http://sith.huma-num.fr/vocable/82
30960	http://sith.huma-num.fr/vocable/1621
31310	http://sith.huma-num.fr/vocable/1642
31320	http://sith.huma-num.fr/vocable/28
31500	http://sith.huma-num.fr/vocable/552
31130	http://sith.huma-num.fr/vocable/1513
31330	http://sith.huma-num.fr/vocable/76
31390	http://sith.huma-num.fr/vocable/532
31490	http://sith.huma-num.fr/vocable/1058
31530	http://sith.huma-num.fr/vocable/1183
851438	http://sith.huma-num.fr/vocable/1505
851440	http://sith.huma-num.fr/vocable/519
854492	http://sith.huma-num.fr/vocable/1571
32140	http://sith.huma-num.fr/vocable/370
32150	http://sith.huma-num.fr/vocable/511
32240	http://sith.huma-num.fr/vocable/1370
400076	http://sith.huma-num.fr/vocable/1488
32360	http://sith.huma-num.fr/vocable/1529
32550	http://sith.huma-num.fr/vocable/1609
32730	http://sith.huma-num.fr/vocable/1006
32830	http://sith.huma-num.fr/vocable/1524
32820	http://sith.huma-num.fr/vocable/22
32860	http://sith.huma-num.fr/vocable/117
855689	http://sith.huma-num.fr/vocable/117
32930	http://sith.huma-num.fr/vocable/17
33080	http://sith.huma-num.fr/vocable/409
33370	http://sith.huma-num.fr/vocable/386
33290	http://sith.huma-num.fr/vocable/91
33410	http://sith.huma-num.fr/vocable/1500
33530	http://sith.huma-num.fr/vocable/1622
33560	http://sith.huma-num.fr/vocable/110
33840	http://sith.huma-num.fr/vocable/627
500032	http://sith.huma-num.fr/vocable/629
854494	http://sith.huma-num.fr/vocable/130
34030	http://sith.huma-num.fr/vocable/1399
34150	http://sith.huma-num.fr/vocable/1535
34240	http://sith.huma-num.fr/vocable/427
854639	http://sith.huma-num.fr/toponyme/388
854798	http://sith.huma-num.fr/toponyme/191
24730	http://sith.huma-num.fr/vocable/1109
400430	http://sith.huma-num.fr/titulature/7
400834	http://sith.huma-num.fr/titulature/19
550290	http://sith.huma-num.fr/titulature/149
854956	http://sith.huma-num.fr/toponyme/120
400035	http://sith.huma-num.fr/titulature/3
400035	http://sith.huma-num.fr/titulature/4
400035	http://sith.huma-num.fr/titulature/5
70026	http://sith.huma-num.fr/toponyme/38
38970	http://sith.huma-num.fr/theonyme/142
854960	http://sith.huma-num.fr/toponyme/123
34360	http://sith.huma-num.fr/vocable/160
854495	http://sith.huma-num.fr/vocable/699
854495	http://sith.huma-num.fr/vocable/1623
34700	http://sith.huma-num.fr/toponyme/209
850363	http://sith.huma-num.fr/vocable/509
34810	http://sith.huma-num.fr/vocable/233
450158	http://sith.huma-num.fr/vocable/156
34850	http://sith.huma-num.fr/vocable/424
34880	http://sith.huma-num.fr/vocable/326
35330	http://sith.huma-num.fr/vocable/327
35400	http://sith.huma-num.fr/vocable/820
35410	http://sith.huma-num.fr/vocable/1179
34370	http://sith.huma-num.fr/vocable/1614
35870	http://sith.huma-num.fr/vocable/579
854497	http://sith.huma-num.fr/vocable/859
36250	http://sith.huma-num.fr/vocable/408
36310	http://sith.huma-num.fr/vocable/1224
36300	http://sith.huma-num.fr/vocable/889
36740	http://sith.huma-num.fr/vocable/1225
36750	http://sith.huma-num.fr/vocable/314
36530	http://sith.huma-num.fr/vocable/1177
36550	http://sith.huma-num.fr/vocable/1380
854498	http://sith.huma-num.fr/vocable/1176
36630	http://sith.huma-num.fr/vocable/1221
850348	http://sith.huma-num.fr/vocable/1222
36990	http://sith.huma-num.fr/vocable/1563
37000	http://sith.huma-num.fr/vocable/653
37090	http://sith.huma-num.fr/vocable/394
37490	http://sith.huma-num.fr/vocable/690
37830	http://sith.huma-num.fr/vocable/588
38020	http://sith.huma-num.fr/vocable/319
38080	http://sith.huma-num.fr/vocable/1456
38150	http://sith.huma-num.fr/vocable/1347
38040	http://sith.huma-num.fr/vocable/1144
38530	http://sith.huma-num.fr/vocable/802
38540	http://sith.huma-num.fr/vocable/44
38590	http://sith.huma-num.fr/vocable/698
38680	http://sith.huma-num.fr/vocable/1101
38910	http://sith.huma-num.fr/vocable/41
39010	http://sith.huma-num.fr/vocable/302
39120	http://sith.huma-num.fr/vocable/1319
39060	http://sith.huma-num.fr/toponyme/270
39370	http://sith.huma-num.fr/vocable/613
39500	http://sith.huma-num.fr/vocable/678
39570	http://sith.huma-num.fr/vocable/854
39740	http://sith.huma-num.fr/vocable/1146
855009	http://sith.huma-num.fr/toponyme/117
39850	http://sith.huma-num.fr/vocable/996
39920	http://sith.huma-num.fr/vocable/528
39930	http://sith.huma-num.fr/vocable/1286
40050	http://sith.huma-num.fr/vocable/1059
40060	http://sith.huma-num.fr/vocable/1555
40210	http://sith.huma-num.fr/vocable/1534
851887	http://sith.huma-num.fr/vocable/1231
40280	http://sith.huma-num.fr/vocable/260
40410	http://sith.huma-num.fr/vocable/1516
40480	http://sith.huma-num.fr/vocable/261
40500	http://sith.huma-num.fr/vocable/507
40570	http://sith.huma-num.fr/vocable/634
40780	http://sith.huma-num.fr/vocable/750
40890	http://sith.huma-num.fr/vocable/1032
40940	http://sith.huma-num.fr/vocable/541
41011	http://sith.huma-num.fr/vocable/189
41030	http://sith.huma-num.fr/vocable/1194
450155	http://sith.huma-num.fr/vocable/190
41050	http://sith.huma-num.fr/vocable/853
41180	http://sith.huma-num.fr/vocable/99
41470	http://sith.huma-num.fr/vocable/1625
400768	http://sith.huma-num.fr/vocable/1023
41310	http://sith.huma-num.fr/vocable/997
41460	http://sith.huma-num.fr/vocable/1053
41730	http://sith.huma-num.fr/vocable/866
41910	http://sith.huma-num.fr/vocable/880
41980	http://sith.huma-num.fr/vocable/989
42040	http://sith.huma-num.fr/vocable/796
42750	http://sith.huma-num.fr/toponyme/63
550318	http://sith.huma-num.fr/titulature/246
400552	http://sith.huma-num.fr/titulature/9
400815	http://sith.huma-num.fr/titulature/165
43350	http://sith.huma-num.fr/toponyme/3
859657	http://sith.huma-num.fr/theonyme/40
43760	http://sith.huma-num.fr/theonyme/19
43770	http://sith.huma-num.fr/toponyme/274
800045	http://sith.huma-num.fr/toponyme/285
800044	http://sith.huma-num.fr/toponyme/284
45580	http://sith.huma-num.fr/theonyme/44
800033	http://sith.huma-num.fr/toponyme/335
850648	http://sith.huma-num.fr/theonyme/67
851633	http://sith.huma-num.fr/theonyme/33
47450	http://sith.huma-num.fr/vocable/1353
400825	http://sith.huma-num.fr/theonyme/20
400505	http://sith.huma-num.fr/titulature/270
400505	http://sith.huma-num.fr/titulature/359
400871	http://sith.huma-num.fr/titulature/107
400872	http://sith.huma-num.fr/titulature/108
49460	http://sith.huma-num.fr/theonyme/23
600155	http://sith.huma-num.fr/titulature/325
600155	http://sith.huma-num.fr/titulature/328
600155	http://sith.huma-num.fr/titulature/83
400899	http://sith.huma-num.fr/titulature/257
400899	http://sith.huma-num.fr/titulature/45
859120	http://sith.huma-num.fr/titulature/259
859120	http://sith.huma-num.fr/titulature/121
859120	http://sith.huma-num.fr/titulature/197
859120	http://sith.huma-num.fr/titulature/253
600505	http://sith.huma-num.fr/titulature/20
600505	http://sith.huma-num.fr/titulature/255
859330	http://sith.huma-num.fr/titulature/318
860907	http://sith.huma-num.fr/titulature/342
400879	http://sith.huma-num.fr/titulature/88
400820	http://sith.huma-num.fr/titulature/55
860017	http://sith.huma-num.fr/titulature/26
861216	http://sith.huma-num.fr/anthroponyme/7
51200	http://sith.huma-num.fr/toponyme/132
800024	http://sith.huma-num.fr/toponyme/225
859808	http://sith.huma-num.fr/titulature/96
42350	http://sith.huma-num.fr/vocable/669
42490	http://sith.huma-num.fr/vocable/401
42520	http://sith.huma-num.fr/vocable/979
42550	http://sith.huma-num.fr/vocable/561
42680	http://sith.huma-num.fr/vocable/550
42760	http://sith.huma-num.fr/vocable/1342
42720	http://sith.huma-num.fr/vocable/751
42980	http://sith.huma-num.fr/vocable/668
43010	http://sith.huma-num.fr/vocable/280
43010	http://sith.huma-num.fr/vocable/1257
43020	http://sith.huma-num.fr/vocable/1643
43200	http://sith.huma-num.fr/vocable/928
43260	http://sith.huma-num.fr/vocable/778
43300	http://sith.huma-num.fr/vocable/46
43410	http://sith.huma-num.fr/vocable/560
43530	http://sith.huma-num.fr/vocable/727
43550	http://sith.huma-num.fr/vocable/932
43580	http://sith.huma-num.fr/vocable/1394
600304	http://sith.huma-num.fr/vocable/505
43900	http://sith.huma-num.fr/vocable/767
43910	http://sith.huma-num.fr/vocable/1293
43720	http://sith.huma-num.fr/vocable/1395
43790	http://sith.huma-num.fr/vocable/1351
43870	http://sith.huma-num.fr/vocable/433
43950	http://sith.huma-num.fr/vocable/592
44000	http://sith.huma-num.fr/vocable/1148
44020	http://sith.huma-num.fr/vocable/361
44150	http://sith.huma-num.fr/vocable/224
44350	http://sith.huma-num.fr/vocable/225
400114	http://sith.huma-num.fr/vocable/59
44430	http://sith.huma-num.fr/vocable/987
44460	http://sith.huma-num.fr/vocable/986
44640	http://sith.huma-num.fr/vocable/706
44680	http://sith.huma-num.fr/vocable/416
44830	http://sith.huma-num.fr/vocable/487
44890	http://sith.huma-num.fr/vocable/612
44910	http://sith.huma-num.fr/vocable/1578
854500	http://sith.huma-num.fr/vocable/412
45270	http://sith.huma-num.fr/vocable/1343
45340	http://sith.huma-num.fr/vocable/591
45380	http://sith.huma-num.fr/vocable/584
45410	http://sith.huma-num.fr/vocable/1326
45490	http://sith.huma-num.fr/vocable/1373
45530	http://sith.huma-num.fr/vocable/307
45640	http://sith.huma-num.fr/vocable/647
45750	http://sith.huma-num.fr/vocable/1556
45760	http://sith.huma-num.fr/vocable/323
851443	http://sith.huma-num.fr/vocable/1010
45820	http://sith.huma-num.fr/vocable/600
46280	http://sith.huma-num.fr/vocable/635
46420	http://sith.huma-num.fr/vocable/1094
46430	http://sith.huma-num.fr/vocable/1359
46580	http://sith.huma-num.fr/vocable/1638
46660	http://sith.huma-num.fr/vocable/598
46710	http://sith.huma-num.fr/vocable/1210
46050	http://sith.huma-num.fr/vocable/183
46920	http://sith.huma-num.fr/vocable/1407
46990	http://sith.huma-num.fr/vocable/303
47040	http://sith.huma-num.fr/vocable/692
47200	http://sith.huma-num.fr/vocable/310
47271	http://sith.huma-num.fr/vocable/179
47280	http://sith.huma-num.fr/vocable/85
47320	http://sith.huma-num.fr/vocable/1312
450161	http://sith.huma-num.fr/vocable/191
47420	http://sith.huma-num.fr/vocable/423
47650	http://sith.huma-num.fr/theonyme/92
47640	http://sith.huma-num.fr/theonyme/60
47920	http://sith.huma-num.fr/vocable/112
47970	http://sith.huma-num.fr/vocable/1284
48030	http://sith.huma-num.fr/vocable/426
48240	http://sith.huma-num.fr/vocable/1137
48260	http://sith.huma-num.fr/vocable/1413
48660	http://sith.huma-num.fr/vocable/920
48700	http://sith.huma-num.fr/vocable/1085
48760	http://sith.huma-num.fr/vocable/752
48440	http://sith.huma-num.fr/vocable/64
49060	http://sith.huma-num.fr/vocable/1480
49200	http://sith.huma-num.fr/vocable/819
49590	http://sith.huma-num.fr/vocable/296
500010	http://sith.huma-num.fr/vocable/724
400135	http://sith.huma-num.fr/vocable/52
49800	http://sith.huma-num.fr/vocable/1522
49830	http://sith.huma-num.fr/vocable/250
49840	http://sith.huma-num.fr/vocable/1610
49870	http://sith.huma-num.fr/vocable/382
49980	http://sith.huma-num.fr/vocable/1099
50040	http://sith.huma-num.fr/vocable/1496
50130	http://sith.huma-num.fr/vocable/1305
50340	http://sith.huma-num.fr/vocable/1026
50590	http://sith.huma-num.fr/vocable/867
50620	http://sith.huma-num.fr/vocable/1313
51240	http://sith.huma-num.fr/vocable/807
51280	http://sith.huma-num.fr/vocable/425
51330	http://sith.huma-num.fr/vocable/1149
854503	http://sith.huma-num.fr/vocable/1352
854506	http://sith.huma-num.fr/vocable/465
854506	http://sith.huma-num.fr/vocable/251
400433	http://sith.huma-num.fr/vocable/106
51900	http://sith.huma-num.fr/vocable/772
51970	http://sith.huma-num.fr/vocable/118
51990	http://sith.huma-num.fr/vocable/1237
52330	http://sith.huma-num.fr/vocable/1182
52100	http://sith.huma-num.fr/vocable/840
52130	http://sith.huma-num.fr/vocable/363
52280	http://sith.huma-num.fr/vocable/842
52360	http://sith.huma-num.fr/vocable/1076
52620	http://sith.huma-num.fr/vocable/350
52640	http://sith.huma-num.fr/vocable/933
52730	http://sith.huma-num.fr/vocable/1267
853826	http://sith.huma-num.fr/theonyme/133
500167	http://sith.huma-num.fr/theonyme/13
500168	http://sith.huma-num.fr/theonyme/30
500169	http://sith.huma-num.fr/theonyme/32
800027	http://sith.huma-num.fr/toponyme/332
400887	http://sith.huma-num.fr/titulature/139
53630	http://sith.huma-num.fr/toponyme/68
53640	http://sith.huma-num.fr/theonyme/31
854975	http://sith.huma-num.fr/toponyme/133
54960	http://sith.huma-num.fr/theonyme/110
852450	http://sith.huma-num.fr/toponyme/445
852450	http://sith.huma-num.fr/toponyme/259
856974	http://sith.huma-num.fr/toponyme/219
55590	http://sith.huma-num.fr/vocable/1626
854927	http://sith.huma-num.fr/toponyme/79
56970	http://sith.huma-num.fr/toponyme/448
854924	http://sith.huma-num.fr/toponyme/77
854795	http://sith.huma-num.fr/toponyme/434
52840	http://sith.huma-num.fr/vocable/1481
53300	http://sith.huma-num.fr/vocable/731
53440	http://sith.huma-num.fr/vocable/1501
53720	http://sith.huma-num.fr/vocable/356
53730	http://sith.huma-num.fr/vocable/756
53800	http://sith.huma-num.fr/vocable/391
53820	http://sith.huma-num.fr/vocable/993
53890	http://sith.huma-num.fr/vocable/993
53980	http://sith.huma-num.fr/vocable/177
54210	http://sith.huma-num.fr/vocable/484
54240	http://sith.huma-num.fr/vocable/11
54290	http://sith.huma-num.fr/vocable/1544
54320	http://sith.huma-num.fr/vocable/718
54480	http://sith.huma-num.fr/vocable/346
54470	http://sith.huma-num.fr/vocable/1274
54650	http://sith.huma-num.fr/vocable/181
54680	http://sith.huma-num.fr/vocable/213
54990	http://sith.huma-num.fr/vocable/1440
55080	http://sith.huma-num.fr/vocable/614
55110	http://sith.huma-num.fr/vocable/662
55130	http://sith.huma-num.fr/vocable/524
55150	http://sith.huma-num.fr/vocable/551
55340	http://sith.huma-num.fr/vocable/1301
55500	http://sith.huma-num.fr/vocable/1029
400993	http://sith.huma-num.fr/vocable/154
55940	http://sith.huma-num.fr/vocable/165
55770	http://sith.huma-num.fr/vocable/1356
55800	http://sith.huma-num.fr/vocable/1145
56120	http://sith.huma-num.fr/vocable/1636
56150	http://sith.huma-num.fr/vocable/1260
56220	http://sith.huma-num.fr/vocable/1410
56700	http://sith.huma-num.fr/vocable/1584
56830	http://sith.huma-num.fr/vocable/632
56890	http://sith.huma-num.fr/vocable/377
400311	http://sith.huma-num.fr/theonyme/55
57060	http://sith.huma-num.fr/vocable/1165
850478	http://sith.huma-num.fr/vocable/1275
856590	http://sith.huma-num.fr/vocable/1467
854509	http://sith.huma-num.fr/vocable/288
57460	http://sith.huma-num.fr/vocable/730
57640	http://sith.huma-num.fr/vocable/1320
57650	http://sith.huma-num.fr/vocable/1322
57820	http://sith.huma-num.fr/vocable/1125
58130	http://sith.huma-num.fr/vocable/1018
58380	http://sith.huma-num.fr/vocable/738
58400	http://sith.huma-num.fr/vocable/275
58430	http://sith.huma-num.fr/vocable/1525
58470	http://sith.huma-num.fr/vocable/1627
600127	http://sith.huma-num.fr/anthroponyme/33
854796	http://sith.huma-num.fr/toponyme/213
58670	http://sith.huma-num.fr/toponyme/18
859167	http://sith.huma-num.fr/titulature/337
59790	http://sith.huma-num.fr/toponyme/27
854940	http://sith.huma-num.fr/toponyme/238
859127	http://sith.huma-num.fr/toponyme/198
60510	http://sith.huma-num.fr/vocable/273
60650	http://sith.huma-num.fr/vocable/272
550322	http://sith.huma-num.fr/titulature/336
550322	http://sith.huma-num.fr/titulature/144
550322	http://sith.huma-num.fr/titulature/247
62500	http://sith.huma-num.fr/vocable/51
62560	http://sith.huma-num.fr/vocable/1130
62980	http://sith.huma-num.fr/theonyme/7
853775	http://sith.huma-num.fr/theonyme/146
400616	http://sith.huma-num.fr/theonyme/64
853038	http://sith.huma-num.fr/theonyme/130
859549	http://sith.huma-num.fr/toponyme/230
853581	http://sith.huma-num.fr/toponyme/20
58710	http://sith.huma-num.fr/vocable/90
851446	http://sith.huma-num.fr/vocable/316
550021	http://sith.huma-num.fr/vocable/317
58820	http://sith.huma-num.fr/vocable/736
58830	http://sith.huma-num.fr/vocable/411
59170	http://sith.huma-num.fr/vocable/384
58790	http://sith.huma-num.fr/vocable/1349
59230	http://sith.huma-num.fr/vocable/1021
59330	http://sith.huma-num.fr/vocable/991
59440	http://sith.huma-num.fr/vocable/1011
59460	http://sith.huma-num.fr/vocable/1290
850565	http://sith.huma-num.fr/vocable/1442
59610	http://sith.huma-num.fr/vocable/115
59670	http://sith.huma-num.fr/vocable/927
851517	http://sith.huma-num.fr/vocable/221
59880	http://sith.huma-num.fr/vocable/1048
59920	http://sith.huma-num.fr/vocable/155
59960	http://sith.huma-num.fr/vocable/1414
60220	http://sith.huma-num.fr/vocable/62
60300	http://sith.huma-num.fr/vocable/383
60310	http://sith.huma-num.fr/vocable/547
60390	http://sith.huma-num.fr/vocable/1111
60430	http://sith.huma-num.fr/vocable/331
60520	http://sith.huma-num.fr/vocable/273
60630	http://sith.huma-num.fr/vocable/968
400419	http://sith.huma-num.fr/vocable/995
60780	http://sith.huma-num.fr/vocable/1466
60890	http://sith.huma-num.fr/vocable/207
60990	http://sith.huma-num.fr/vocable/1579
60920	http://sith.huma-num.fr/vocable/88
60920	http://sith.huma-num.fr/vocable/587
61370	http://sith.huma-num.fr/vocable/1472
61380	http://sith.huma-num.fr/vocable/593
61400	http://sith.huma-num.fr/vocable/297
61590	http://sith.huma-num.fr/vocable/334
61730	http://sith.huma-num.fr/vocable/971
61900	http://sith.huma-num.fr/vocable/964
62200	http://sith.huma-num.fr/vocable/481
62270	http://sith.huma-num.fr/vocable/1249
62290	http://sith.huma-num.fr/vocable/841
62400	http://sith.huma-num.fr/vocable/721
62420	http://sith.huma-num.fr/vocable/720
850569	http://sith.huma-num.fr/vocable/1130
62680	http://sith.huma-num.fr/vocable/1297
62790	http://sith.huma-num.fr/vocable/1197
854511	http://sith.huma-num.fr/vocable/1268
62890	http://sith.huma-num.fr/vocable/1087
62900	http://sith.huma-num.fr/vocable/1097
62990	http://sith.huma-num.fr/vocable/1071
63170	http://sith.huma-num.fr/vocable/278
63270	http://sith.huma-num.fr/vocable/210
63290	http://sith.huma-num.fr/vocable/855
63310	http://sith.huma-num.fr/vocable/788
600084	http://sith.huma-num.fr/toponyme/236
63880	http://sith.huma-num.fr/toponyme/64
63640	http://sith.huma-num.fr/vocable/583
63460	http://sith.huma-num.fr/vocable/1573
63810	http://sith.huma-num.fr/vocable/567
63920	http://sith.huma-num.fr/vocable/379
63970	http://sith.huma-num.fr/vocable/1321
64010	http://sith.huma-num.fr/vocable/1493
64020	http://sith.huma-num.fr/vocable/601
64170	http://sith.huma-num.fr/vocable/196
64260	http://sith.huma-num.fr/vocable/870
800037	http://sith.huma-num.fr/toponyme/333
66630	http://sith.huma-num.fr/theonyme/129
400397	http://sith.huma-num.fr/titulature/13
855019	http://sith.huma-num.fr/toponyme/143
67730	http://sith.huma-num.fr/toponyme/185
854920	http://sith.huma-num.fr/toponyme/75
69030	http://sith.huma-num.fr/theonyme/17
854964	http://sith.huma-num.fr/toponyme/126
854962	http://sith.huma-num.fr/toponyme/125
600269	http://sith.huma-num.fr/titulature/58
500079	http://sith.huma-num.fr/titulature/34
854789	http://sith.huma-num.fr/titulature/219
500429	http://sith.huma-num.fr/titulature/43
600258	http://sith.huma-num.fr/titulature/274
854871	http://sith.huma-num.fr/titulature/224
70010	http://sith.huma-num.fr/toponyme/450
400414	http://sith.huma-num.fr/titulature/31
400414	http://sith.huma-num.fr/anthroponyme/16
70530	http://sith.huma-num.fr/theonyme/14
854788	http://sith.huma-num.fr/theonyme/47
71020	http://sith.huma-num.fr/theonyme/148
854955	http://sith.huma-num.fr/toponyme/119
71660	http://sith.huma-num.fr/theonyme/6
400309	http://sith.huma-num.fr/titulature/277
72050	http://sith.huma-num.fr/theonyme/132
400888	http://sith.huma-num.fr/titulature/138
73870	http://sith.huma-num.fr/theonyme/65
73940	http://sith.huma-num.fr/toponyme/24
854959	http://sith.huma-num.fr/toponyme/122
74310	http://sith.huma-num.fr/toponyme/288
859551	http://sith.huma-num.fr/toponyme/347
75430	http://sith.huma-num.fr/toponyme/4
702438	http://sith.huma-num.fr/anthroponyme/17
855022	http://sith.huma-num.fr/toponyme/139
855012	http://sith.huma-num.fr/toponyme/134
76410	http://sith.huma-num.fr/toponyme/188
859560	http://sith.huma-num.fr/toponyme/349
400878	http://sith.huma-num.fr/titulature/66
400878	http://sith.huma-num.fr/titulature/87
852674	http://sith.huma-num.fr/titulature/135
859099	http://sith.huma-num.fr/toponyme/297
78410	http://sith.huma-num.fr/toponyme/146
64360	http://sith.huma-num.fr/vocable/168
64440	http://sith.huma-num.fr/vocable/1157
64580	http://sith.huma-num.fr/vocable/1116
64630	http://sith.huma-num.fr/vocable/1348
64700	http://sith.huma-num.fr/vocable/1335
64750	http://sith.huma-num.fr/vocable/178
851452	http://sith.huma-num.fr/vocable/1200
855605	http://sith.huma-num.fr/vocable/1003
64800	http://sith.huma-num.fr/vocable/1035
64830	http://sith.huma-num.fr/vocable/965
64990	http://sith.huma-num.fr/vocable/1420
500048	http://sith.huma-num.fr/vocable/1037
65280	http://sith.huma-num.fr/vocable/445
400152	http://sith.huma-num.fr/vocable/1162
65300	http://sith.huma-num.fr/vocable/1163
65370	http://sith.huma-num.fr/vocable/709
65700	http://sith.huma-num.fr/vocable/1041
66000	http://sith.huma-num.fr/vocable/1587
66260	http://sith.huma-num.fr/vocable/301
66270	http://sith.huma-num.fr/vocable/58
66440	http://sith.huma-num.fr/vocable/938
66460	http://sith.huma-num.fr/vocable/549
66530	http://sith.huma-num.fr/vocable/1507
854512	http://sith.huma-num.fr/vocable/680
854512	http://sith.huma-num.fr/vocable/223
66750	http://sith.huma-num.fr/vocable/998
66820	http://sith.huma-num.fr/vocable/26
66850	http://sith.huma-num.fr/vocable/1542
66870	http://sith.huma-num.fr/vocable/682
67160	http://sith.huma-num.fr/vocable/1212
67240	http://sith.huma-num.fr/vocable/863
67390	http://sith.huma-num.fr/vocable/1283
67580	http://sith.huma-num.fr/vocable/227
67770	http://sith.huma-num.fr/vocable/1628
67780	http://sith.huma-num.fr/vocable/290
850796	http://sith.huma-num.fr/vocable/170
67930	http://sith.huma-num.fr/vocable/1252
67940	http://sith.huma-num.fr/vocable/521
67960	http://sith.huma-num.fr/vocable/966
854513	http://sith.huma-num.fr/vocable/1181
68450	http://sith.huma-num.fr/vocable/1547
68520	http://sith.huma-num.fr/vocable/496
68580	http://sith.huma-num.fr/vocable/493
68700	http://sith.huma-num.fr/vocable/1430
68740	http://sith.huma-num.fr/vocable/1492
68820	http://sith.huma-num.fr/vocable/266
68850	http://sith.huma-num.fr/vocable/1143
400955	http://sith.huma-num.fr/vocable/1428
68950	http://sith.huma-num.fr/vocable/508
69000	http://sith.huma-num.fr/vocable/513
69040	http://sith.huma-num.fr/vocable/148
69290	http://sith.huma-num.fr/vocable/794
69410	http://sith.huma-num.fr/vocable/539
69590	http://sith.huma-num.fr/vocable/1452
69630	http://sith.huma-num.fr/vocable/1196
70420	http://sith.huma-num.fr/vocable/21
70450	http://sith.huma-num.fr/vocable/1537
70560	http://sith.huma-num.fr/vocable/270
70170	http://sith.huma-num.fr/vocable/667
70360	http://sith.huma-num.fr/vocable/464
70550	http://sith.huma-num.fr/vocable/503
70580	http://sith.huma-num.fr/vocable/871
70670	http://sith.huma-num.fr/vocable/581
70710	http://sith.huma-num.fr/vocable/1552
70730	http://sith.huma-num.fr/vocable/639
70790	http://sith.huma-num.fr/vocable/1052
70920	http://sith.huma-num.fr/vocable/1331
70930	http://sith.huma-num.fr/vocable/1403
400110	http://sith.huma-num.fr/vocable/268
71080	http://sith.huma-num.fr/vocable/437
71170	http://sith.huma-num.fr/vocable/438
71300	http://sith.huma-num.fr/vocable/759
71380	http://sith.huma-num.fr/vocable/1114
71640	http://sith.huma-num.fr/vocable/758
71720	http://sith.huma-num.fr/vocable/463
71780	http://sith.huma-num.fr/vocable/1110
71840	http://sith.huma-num.fr/vocable/232
71880	http://sith.huma-num.fr/vocable/701
400005	http://sith.huma-num.fr/vocable/79
550321	http://sith.huma-num.fr/vocable/276
72540	http://sith.huma-num.fr/vocable/926
72470	http://sith.huma-num.fr/vocable/37
72650	http://sith.huma-num.fr/vocable/164
72660	http://sith.huma-num.fr/vocable/385
72810	http://sith.huma-num.fr/vocable/977
72840	http://sith.huma-num.fr/vocable/1309
73070	http://sith.huma-num.fr/vocable/1412
73130	http://sith.huma-num.fr/vocable/1007
73210	http://sith.huma-num.fr/vocable/1629
73330	http://sith.huma-num.fr/vocable/1439
854514	http://sith.huma-num.fr/vocable/61
73860	http://sith.huma-num.fr/vocable/1476
860404	http://sith.huma-num.fr/vocable/1127
73990	http://sith.huma-num.fr/vocable/216
73560	http://sith.huma-num.fr/vocable/1511
73561	http://sith.huma-num.fr/vocable/369
73360	http://sith.huma-num.fr/vocable/646
74010	http://sith.huma-num.fr/vocable/345
74060	http://sith.huma-num.fr/vocable/308
74110	http://sith.huma-num.fr/vocable/1034
74400	http://sith.huma-num.fr/vocable/1468
74580	http://sith.huma-num.fr/vocable/1064
74700	http://sith.huma-num.fr/vocable/1216
74750	http://sith.huma-num.fr/vocable/945
74950	http://sith.huma-num.fr/vocable/39
75070	http://sith.huma-num.fr/vocable/65
75720	http://sith.huma-num.fr/vocable/1039
600233	http://sith.huma-num.fr/vocable/1540
75920	http://sith.huma-num.fr/vocable/1142
76010	http://sith.huma-num.fr/vocable/1106
76030	http://sith.huma-num.fr/vocable/715
76190	http://sith.huma-num.fr/vocable/349
76300	http://sith.huma-num.fr/vocable/517
76470	http://sith.huma-num.fr/vocable/1198
77020	http://sith.huma-num.fr/vocable/953
77110	http://sith.huma-num.fr/vocable/562
77120	http://sith.huma-num.fr/vocable/648
77310	http://sith.huma-num.fr/vocable/1564
854515	http://sith.huma-num.fr/vocable/1577
77540	http://sith.huma-num.fr/vocable/1160
77560	http://sith.huma-num.fr/vocable/1372
77620	http://sith.huma-num.fr/vocable/220
77840	http://sith.huma-num.fr/vocable/800
77960	http://sith.huma-num.fr/vocable/846
78130	http://sith.huma-num.fr/vocable/950
78150	http://sith.huma-num.fr/vocable/73
78030	http://sith.huma-num.fr/vocable/1228
78190	http://sith.huma-num.fr/vocable/716
78140	http://sith.huma-num.fr/vocable/1167
78280	http://sith.huma-num.fr/vocable/844
78360	http://sith.huma-num.fr/vocable/643
78390	http://sith.huma-num.fr/vocable/277
78470	http://sith.huma-num.fr/vocable/1230
78610	http://sith.huma-num.fr/vocable/1385
854517	http://sith.huma-num.fr/vocable/1438
854517	http://sith.huma-num.fr/vocable/540
78770	http://sith.huma-num.fr/vocable/1433
600079	http://sith.huma-num.fr/anthroponyme/3
702743	http://sith.huma-num.fr/anthroponyme/8
79010	http://sith.huma-num.fr/theonyme/37
80030	http://sith.huma-num.fr/theonyme/73
500006	http://sith.huma-num.fr/theonyme/75
81130	http://sith.huma-num.fr/theonyme/76
80940	http://sith.huma-num.fr/theonyme/22
82260	http://sith.huma-num.fr/theonyme/35
852407	http://sith.huma-num.fr/vocable/109
500133	http://sith.huma-num.fr/theonyme/84
400837	http://sith.huma-num.fr/titulature/50
400910	http://sith.huma-num.fr/titulature/198
400160	http://sith.huma-num.fr/titulature/299
862853	http://sith.huma-num.fr/titulature/143
852489	http://sith.huma-num.fr/titulature/164
600277	http://sith.huma-num.fr/anthroponyme/11
859798	http://sith.huma-num.fr/titulature/95
401112	http://sith.huma-num.fr/titulature/189
860897	http://sith.huma-num.fr/titulature/182
856314	http://sith.huma-num.fr/titulature/237
400330	http://sith.huma-num.fr/titulature/160
853266	http://sith.huma-num.fr/titulature/124
800042	http://sith.huma-num.fr/toponyme/266
800041	http://sith.huma-num.fr/toponyme/267
85740	http://sith.huma-num.fr/toponyme/45
86080	http://sith.huma-num.fr/theonyme/83
86270	http://sith.huma-num.fr/theonyme/94
855010	http://sith.huma-num.fr/toponyme/130
87120	http://sith.huma-num.fr/theonyme/5
800054	http://sith.huma-num.fr/toponyme/12
87240	http://sith.huma-num.fr/toponyme/331
859559	http://sith.huma-num.fr/toponyme/353
853576	http://sith.huma-num.fr/titulature/37
401109	http://sith.huma-num.fr/titulature/36
78870	http://sith.huma-num.fr/vocable/188
850806	http://sith.huma-num.fr/vocable/403
850787	http://sith.huma-num.fr/vocable/173
79000	http://sith.huma-num.fr/vocable/348
89770	http://sith.huma-num.fr/vocable/315
79350	http://sith.huma-num.fr/vocable/1080
89850	http://sith.huma-num.fr/vocable/405
857380	http://sith.huma-num.fr/vocable/194
79190	http://sith.huma-num.fr/vocable/182
80890	http://sith.huma-num.fr/vocable/515
851623	http://sith.huma-num.fr/vocable/414
550008	http://sith.huma-num.fr/vocable/1019
79960	http://sith.huma-num.fr/vocable/1199
80010	http://sith.huma-num.fr/vocable/187
80180	http://sith.huma-num.fr/vocable/217
80210	http://sith.huma-num.fr/vocable/1049
80340	http://sith.huma-num.fr/vocable/1024
80630	http://sith.huma-num.fr/vocable/1103
80840	http://sith.huma-num.fr/vocable/1002
851519	http://sith.huma-num.fr/vocable/222
81240	http://sith.huma-num.fr/vocable/1459
81230	http://sith.huma-num.fr/vocable/858
854081	http://sith.huma-num.fr/vocable/860
81470	http://sith.huma-num.fr/vocable/1603
81570	http://sith.huma-num.fr/vocable/1259
81650	http://sith.huma-num.fr/vocable/56
81660	http://sith.huma-num.fr/vocable/150
81920	http://sith.huma-num.fr/vocable/447
81740	http://sith.huma-num.fr/vocable/162
400065	http://sith.huma-num.fr/vocable/55
82220	http://sith.huma-num.fr/theonyme/90
82430	http://sith.huma-num.fr/vocable/537
82650	http://sith.huma-num.fr/vocable/1202
82520	http://sith.huma-num.fr/vocable/1329
81680	http://sith.huma-num.fr/vocable/338
81820	http://sith.huma-num.fr/theonyme/42
82760	http://sith.huma-num.fr/vocable/806
82810	http://sith.huma-num.fr/vocable/488
82850	http://sith.huma-num.fr/vocable/745
83140	http://sith.huma-num.fr/vocable/1389
83220	http://sith.huma-num.fr/vocable/793
550034	http://sith.huma-num.fr/vocable/153
854519	http://sith.huma-num.fr/vocable/729
550078	http://sith.huma-num.fr/vocable/1140
854638	http://sith.huma-num.fr/vocable/152
550400	http://sith.huma-num.fr/theonyme/125
84000	http://sith.huma-num.fr/vocable/761
84370	http://sith.huma-num.fr/vocable/1245
84380	http://sith.huma-num.fr/vocable/378
84390	http://sith.huma-num.fr/vocable/696
84450	http://sith.huma-num.fr/vocable/335
84490	http://sith.huma-num.fr/vocable/739
84510	http://sith.huma-num.fr/vocable/407
851523	http://sith.huma-num.fr/vocable/402
85010	http://sith.huma-num.fr/vocable/497
85160	http://sith.huma-num.fr/vocable/304
85040	http://sith.huma-num.fr/vocable/1411
85090	http://sith.huma-num.fr/vocable/1150
85240	http://sith.huma-num.fr/vocable/694
85580	http://sith.huma-num.fr/vocable/909
85610	http://sith.huma-num.fr/vocable/1376
85630	http://sith.huma-num.fr/vocable/1561
85950	http://sith.huma-num.fr/vocable/791
86050	http://sith.huma-num.fr/vocable/622
86210	http://sith.huma-num.fr/vocable/1014
86230	http://sith.huma-num.fr/vocable/235
86360	http://sith.huma-num.fr/vocable/1485
86370	http://sith.huma-num.fr/vocable/638
86430	http://sith.huma-num.fr/vocable/904
86570	http://sith.huma-num.fr/vocable/163
86580	http://sith.huma-num.fr/vocable/192
86750	http://sith.huma-num.fr/vocable/1527
86990	http://sith.huma-num.fr/vocable/1391
86890	http://sith.huma-num.fr/vocable/295
87020	http://sith.huma-num.fr/vocable/888
87040	http://sith.huma-num.fr/vocable/1044
87100	http://sith.huma-num.fr/vocable/466
87250	http://sith.huma-num.fr/vocable/1509
87330	http://sith.huma-num.fr/vocable/1510
87460	http://sith.huma-num.fr/vocable/887
400031	http://sith.huma-num.fr/vocable/1449
87560	http://sith.huma-num.fr/vocable/1169
87620	http://sith.huma-num.fr/vocable/313
87760	http://sith.huma-num.fr/vocable/352
87870	http://sith.huma-num.fr/vocable/13
88070	http://sith.huma-num.fr/vocable/649
88090	http://sith.huma-num.fr/vocable/111
88040	http://sith.huma-num.fr/vocable/10
88300	http://sith.huma-num.fr/vocable/654
88490	http://sith.huma-num.fr/vocable/693
88790	http://sith.huma-num.fr/vocable/906
88780	http://sith.huma-num.fr/vocable/1427
89100	http://sith.huma-num.fr/vocable/1075
600036	http://sith.huma-num.fr/vocable/1248
89590	http://sith.huma-num.fr/vocable/299
89710	http://sith.huma-num.fr/vocable/1251
89720	http://sith.huma-num.fr/vocable/902
90030	http://sith.huma-num.fr/vocable/610
90100	http://sith.huma-num.fr/vocable/1426
90260	http://sith.huma-num.fr/vocable/14
400281	http://sith.huma-num.fr/vocable/328
90280	http://sith.huma-num.fr/vocable/359
90670	http://sith.huma-num.fr/vocable/1416
90760	http://sith.huma-num.fr/vocable/910
90810	http://sith.huma-num.fr/vocable/1255
854522	http://sith.huma-num.fr/vocable/136
854522	http://sith.huma-num.fr/vocable/336
550362	http://sith.huma-num.fr/vocable/684
91080	http://sith.huma-num.fr/vocable/365
500020	http://sith.huma-num.fr/vocable/205
91600	http://sith.huma-num.fr/vocable/1229
91760	http://sith.huma-num.fr/vocable/1574
851252	http://sith.huma-num.fr/toponyme/252
400015	http://sith.huma-num.fr/theonyme/9
853653	http://sith.huma-num.fr/theonyme/50
400863	http://sith.huma-num.fr/titulature/266
400863	http://sith.huma-num.fr/titulature/84
400863	http://sith.huma-num.fr/titulature/212
400911	http://sith.huma-num.fr/titulature/232
859331	http://sith.huma-num.fr/titulature/211
400876	http://sith.huma-num.fr/titulature/21
853268	http://sith.huma-num.fr/titulature/125
600259	http://sith.huma-num.fr/titulature/275
70002	http://sith.huma-num.fr/theonyme/11
851248	http://sith.huma-num.fr/theonyme/131
859387	http://sith.huma-num.fr/theonyme/108
860049	http://sith.huma-num.fr/toponyme/408
93960	http://sith.huma-num.fr/toponyme/187
94000	http://sith.huma-num.fr/toponyme/215
95190	http://sith.huma-num.fr/theonyme/119
95310	http://sith.huma-num.fr/theonyme/43
854797	http://sith.huma-num.fr/toponyme/413
96230	http://sith.huma-num.fr/theonyme/150
859558	http://sith.huma-num.fr/toponyme/194
96590	http://sith.huma-num.fr/toponyme/390
96590	http://sith.huma-num.fr/toponyme/210
91900	http://sith.huma-num.fr/vocable/184
91930	http://sith.huma-num.fr/vocable/1168
91940	http://sith.huma-num.fr/vocable/324
67962	http://sith.huma-num.fr/vocable/967
500040	http://sith.huma-num.fr/vocable/1043
92200	http://sith.huma-num.fr/vocable/1404
851526	http://sith.huma-num.fr/vocable/475
92560	http://sith.huma-num.fr/vocable/1174
92560	http://sith.huma-num.fr/vocable/1218
92640	http://sith.huma-num.fr/vocable/501
92790	http://sith.huma-num.fr/vocable/1592
92850	http://sith.huma-num.fr/vocable/1553
92870	http://sith.huma-num.fr/vocable/34
92970	http://sith.huma-num.fr/vocable/1401
93320	http://sith.huma-num.fr/vocable/263
93420	http://sith.huma-num.fr/vocable/1205
93730	http://sith.huma-num.fr/vocable/1630
400633	http://sith.huma-num.fr/vocable/467
93780	http://sith.huma-num.fr/vocable/468
93850	http://sith.huma-num.fr/vocable/1232
93870	http://sith.huma-num.fr/vocable/982
93880	http://sith.huma-num.fr/vocable/236
94160	http://sith.huma-num.fr/vocable/1646
94200	http://sith.huma-num.fr/vocable/1575
854523	http://sith.huma-num.fr/vocable/657
94400	http://sith.huma-num.fr/vocable/884
94530	http://sith.huma-num.fr/vocable/415
94700	http://sith.huma-num.fr/vocable/42
94850	http://sith.huma-num.fr/vocable/1073
95030	http://sith.huma-num.fr/vocable/238
94920	http://sith.huma-num.fr/vocable/75
850581	http://sith.huma-num.fr/vocable/330
95000	http://sith.huma-num.fr/vocable/71
854524	http://sith.huma-num.fr/vocable/40
95060	http://sith.huma-num.fr/vocable/298
95430	http://sith.huma-num.fr/vocable/1429
95500	http://sith.huma-num.fr/vocable/1067
95620	http://sith.huma-num.fr/vocable/97
95640	http://sith.huma-num.fr/vocable/1454
95820	http://sith.huma-num.fr/vocable/122
95680	http://sith.huma-num.fr/vocable/1528
96160	http://sith.huma-num.fr/vocable/714
95940	http://sith.huma-num.fr/vocable/151
96010	http://sith.huma-num.fr/vocable/984
96011	http://sith.huma-num.fr/vocable/368
96030	http://sith.huma-num.fr/vocable/564
96220	http://sith.huma-num.fr/vocable/569
96270	http://sith.huma-num.fr/vocable/1235
96280	http://sith.huma-num.fr/vocable/570
96330	http://sith.huma-num.fr/vocable/1159
96390	http://sith.huma-num.fr/vocable/542
96440	http://sith.huma-num.fr/vocable/664
96540	http://sith.huma-num.fr/vocable/114
96600	http://sith.huma-num.fr/vocable/98
96610	http://sith.huma-num.fr/vocable/978
96620	http://sith.huma-num.fr/vocable/703
851711	http://sith.huma-num.fr/vocable/30
97200	http://sith.huma-num.fr/vocable/922
97320	http://sith.huma-num.fr/vocable/764
854526	http://sith.huma-num.fr/vocable/1247
97580	http://sith.huma-num.fr/vocable/981
97670	http://sith.huma-num.fr/vocable/974
97680	http://sith.huma-num.fr/vocable/1588
97880	http://sith.huma-num.fr/vocable/246
97780	http://sith.huma-num.fr/vocable/571
98020	http://sith.huma-num.fr/vocable/1580
98170	http://sith.huma-num.fr/vocable/1263
98180	http://sith.huma-num.fr/vocable/347
98200	http://sith.huma-num.fr/vocable/1366
98260	http://sith.huma-num.fr/vocable/578
98730	http://sith.huma-num.fr/vocable/572
98830	http://sith.huma-num.fr/vocable/1608
99060	http://sith.huma-num.fr/vocable/322
99050	http://sith.huma-num.fr/vocable/582
99260	http://sith.huma-num.fr/vocable/340
854527	http://sith.huma-num.fr/vocable/1417
99730	http://sith.huma-num.fr/vocable/1604
854979	http://sith.huma-num.fr/toponyme/21
800050	http://sith.huma-num.fr/toponyme/262
103500	http://sith.huma-num.fr/vocable/35
852144	http://sith.huma-num.fr/toponyme/287
102500	http://sith.huma-num.fr/toponyme/346
99900	http://sith.huma-num.fr/toponyme/16
99960	http://sith.huma-num.fr/theonyme/18
400851	http://sith.huma-num.fr/toponyme/41
855016	http://sith.huma-num.fr/toponyme/145
105550	http://sith.huma-num.fr/theonyme/143
854794	http://sith.huma-num.fr/toponyme/310
600385	http://sith.huma-num.fr/anthroponyme/21
550128	http://sith.huma-num.fr/theonyme/123
107500	http://sith.huma-num.fr/theonyme/8
400034	http://sith.huma-num.fr/vocable/29
107800	http://sith.huma-num.fr/theonyme/107
859809	http://sith.huma-num.fr/titulature/93
400069	http://sith.huma-num.fr/vocable/81
705024	http://sith.huma-num.fr/anthroponyme/6
109300	http://sith.huma-num.fr/theonyme/77
109310	http://sith.huma-num.fr/theonyme/78
109540	http://sith.huma-num.fr/theonyme/135
450272	http://sith.huma-num.fr/toponyme/265
110160	http://sith.huma-num.fr/toponyme/228
859577	http://sith.huma-num.fr/titulature/213
600312	http://sith.huma-num.fr/titulature/214
855011	http://sith.huma-num.fr/toponyme/131
854973	http://sith.huma-num.fr/toponyme/326
851658	http://sith.huma-num.fr/vocable/199
101060	http://sith.huma-num.fr/vocable/548
100310	http://sith.huma-num.fr/vocable/498
100400	http://sith.huma-num.fr/vocable/813
100520	http://sith.huma-num.fr/vocable/949
855717	http://sith.huma-num.fr/vocable/949
101000	http://sith.huma-num.fr/vocable/1214
103300	http://sith.huma-num.fr/vocable/713
103350	http://sith.huma-num.fr/vocable/371
101300	http://sith.huma-num.fr/vocable/1296
101520	http://sith.huma-num.fr/vocable/828
101550	http://sith.huma-num.fr/vocable/829
101690	http://sith.huma-num.fr/vocable/585
104030	http://sith.huma-num.fr/vocable/312
101930	http://sith.huma-num.fr/vocable/545
854529	http://sith.huma-num.fr/vocable/131
102060	http://sith.huma-num.fr/vocable/57
102120	http://sith.huma-num.fr/vocable/1375
102190	http://sith.huma-num.fr/vocable/1458
102280	http://sith.huma-num.fr/vocable/133
99790	http://sith.huma-num.fr/vocable/980
99840	http://sith.huma-num.fr/vocable/202
99940	http://sith.huma-num.fr/vocable/287
854530	http://sith.huma-num.fr/vocable/159
103070	http://sith.huma-num.fr/vocable/1310
103020	http://sith.huma-num.fr/vocable/1036
103080	http://sith.huma-num.fr/vocable/1299
103170	http://sith.huma-num.fr/vocable/1055
103270	http://sith.huma-num.fr/vocable/783
103630	http://sith.huma-num.fr/vocable/914
103740	http://sith.huma-num.fr/vocable/1409
103750	http://sith.huma-num.fr/vocable/1408
104350	http://sith.huma-num.fr/vocable/469
104440	http://sith.huma-num.fr/vocable/431
104600	http://sith.huma-num.fr/vocable/839
104680	http://sith.huma-num.fr/vocable/672
104690	http://sith.huma-num.fr/vocable/33
104730	http://sith.huma-num.fr/vocable/825
104810	http://sith.huma-num.fr/vocable/826
104830	http://sith.huma-num.fr/vocable/827
104940	http://sith.huma-num.fr/vocable/392
105200	http://sith.huma-num.fr/vocable/838
105300	http://sith.huma-num.fr/vocable/837
105480	http://sith.huma-num.fr/vocable/1358
105780	http://sith.huma-num.fr/vocable/53
450114	http://sith.huma-num.fr/vocable/231
105900	http://sith.huma-num.fr/vocable/1350
854531	http://sith.huma-num.fr/vocable/531
106280	http://sith.huma-num.fr/vocable/1062
106350	http://sith.huma-num.fr/vocable/244
105850	http://sith.huma-num.fr/vocable/237
106190	http://sith.huma-num.fr/vocable/1530
850800	http://sith.huma-num.fr/vocable/169
106370	http://sith.huma-num.fr/vocable/1387
106470	http://sith.huma-num.fr/vocable/1188
106750	http://sith.huma-num.fr/vocable/366
106810	http://sith.huma-num.fr/vocable/1056
110300	http://sith.huma-num.fr/vocable/489
107110	http://sith.huma-num.fr/vocable/139
107190	http://sith.huma-num.fr/vocable/1009
107220	http://sith.huma-num.fr/vocable/1415
107510	http://sith.huma-num.fr/vocable/697
107520	http://sith.huma-num.fr/vocable/166
108300	http://sith.huma-num.fr/vocable/1155
108310	http://sith.huma-num.fr/vocable/1455
108540	http://sith.huma-num.fr/vocable/961
855522	http://sith.huma-num.fr/vocable/80
108920	http://sith.huma-num.fr/vocable/960
108930	http://sith.huma-num.fr/vocable/959
108390	http://sith.huma-num.fr/vocable/376
600337	http://sith.huma-num.fr/vocable/1533
107670	http://sith.huma-num.fr/vocable/281
107830	http://sith.huma-num.fr/vocable/1276
108010	http://sith.huma-num.fr/vocable/1295
108340	http://sith.huma-num.fr/vocable/113
109110	http://sith.huma-num.fr/vocable/1631
109250	http://sith.huma-num.fr/vocable/103
109330	http://sith.huma-num.fr/vocable/805
109800	http://sith.huma-num.fr/vocable/195
109980	http://sith.huma-num.fr/vocable/770
110060	http://sith.huma-num.fr/vocable/1061
109680	http://sith.huma-num.fr/vocable/896
110200	http://sith.huma-num.fr/vocable/1088
110340	http://sith.huma-num.fr/vocable/144
110360	http://sith.huma-num.fr/vocable/247
110380	http://sith.huma-num.fr/vocable/453
110390	http://sith.huma-num.fr/vocable/375
110400	http://sith.huma-num.fr/vocable/129
110440	http://sith.huma-num.fr/vocable/1594
110740	http://sith.huma-num.fr/vocable/824
110860	http://sith.huma-num.fr/vocable/1483
110870	http://sith.huma-num.fr/vocable/353
111130	http://sith.huma-num.fr/vocable/879
111160	http://sith.huma-num.fr/vocable/1382
111210	http://sith.huma-num.fr/vocable/630
111230	http://sith.huma-num.fr/vocable/100
111560	http://sith.huma-num.fr/vocable/1590
111260	http://sith.huma-num.fr/vocable/333
111360	http://sith.huma-num.fr/vocable/274
111480	http://sith.huma-num.fr/vocable/389
111510	http://sith.huma-num.fr/vocable/1261
111590	http://sith.huma-num.fr/vocable/1234
111600	http://sith.huma-num.fr/vocable/797
111800	http://sith.huma-num.fr/vocable/787
111830	http://sith.huma-num.fr/vocable/683
111840	http://sith.huma-num.fr/vocable/1523
111940	http://sith.huma-num.fr/vocable/1383
112070	http://sith.huma-num.fr/vocable/480
112200	http://sith.huma-num.fr/vocable/1291
112290	http://sith.huma-num.fr/vocable/1318
112300	http://sith.huma-num.fr/vocable/161
112301	http://sith.huma-num.fr/vocable/1393
112330	http://sith.huma-num.fr/vocable/320
112340	http://sith.huma-num.fr/vocable/1421
112710	http://sith.huma-num.fr/vocable/483
112730	http://sith.huma-num.fr/vocable/1479
112420	http://sith.huma-num.fr/vocable/990
112440	http://sith.huma-num.fr/vocable/809
112460	http://sith.huma-num.fr/vocable/1277
112660	http://sith.huma-num.fr/vocable/568
112940	http://sith.huma-num.fr/vocable/396
800043	http://sith.huma-num.fr/toponyme/286
400865	http://sith.huma-num.fr/titulature/294
400187	http://sith.huma-num.fr/titulature/186
401111	http://sith.huma-num.fr/titulature/188
400108	http://sith.huma-num.fr/titulature/35
858339	http://sith.huma-num.fr/theonyme/118
862991	http://sith.huma-num.fr/titulature/231
116350	http://sith.huma-num.fr/theonyme/53
400021	http://sith.huma-num.fr/titulature/1
400021	http://sith.huma-num.fr/titulature/41
116420	http://sith.huma-num.fr/vocable/947
116940	http://sith.huma-num.fr/toponyme/35
856478	http://sith.huma-num.fr/toponyme/330
117250	http://sith.huma-num.fr/theonyme/151
117260	http://sith.huma-num.fr/toponyme/6
118720	http://sith.huma-num.fr/theonyme/16
867584	http://sith.huma-num.fr/theonyme/58
852412	http://sith.huma-num.fr/toponyme/43
119290	http://sith.huma-num.fr/toponyme/279
118940	http://sith.huma-num.fr/toponyme/72
118940	http://sith.huma-num.fr/toponyme/67
119530	http://sith.huma-num.fr/toponyme/260
859068	http://sith.huma-num.fr/toponyme/359
121250	http://sith.huma-num.fr/toponyme/22
113020	http://sith.huma-num.fr/vocable/506
113110	http://sith.huma-num.fr/vocable/432
113850	http://sith.huma-num.fr/vocable/702
113410	http://sith.huma-num.fr/vocable/1595
113720	http://sith.huma-num.fr/vocable/711
114010	http://sith.huma-num.fr/vocable/1074
114170	http://sith.huma-num.fr/vocable/785
114300	http://sith.huma-num.fr/vocable/241
114320	http://sith.huma-num.fr/vocable/836
114450	http://sith.huma-num.fr/vocable/1365
114680	http://sith.huma-num.fr/vocable/1285
114850	http://sith.huma-num.fr/vocable/78
114740	http://sith.huma-num.fr/vocable/25
114890	http://sith.huma-num.fr/vocable/1432
113070	http://sith.huma-num.fr/vocable/599
115110	http://sith.huma-num.fr/vocable/580
115270	http://sith.huma-num.fr/vocable/1317
115310	http://sith.huma-num.fr/vocable/777
115600	http://sith.huma-num.fr/vocable/574
115560	http://sith.huma-num.fr/vocable/911
115590	http://sith.huma-num.fr/vocable/658
115680	http://sith.huma-num.fr/vocable/1215
115920	http://sith.huma-num.fr/vocable/604
115810	http://sith.huma-num.fr/vocable/728
115820	http://sith.huma-num.fr/vocable/1189
854383	http://sith.huma-num.fr/vocable/525
116300	http://sith.huma-num.fr/vocable/1520
116430	http://sith.huma-num.fr/vocable/500
116430	http://sith.huma-num.fr/vocable/264
116460	http://sith.huma-num.fr/vocable/789
116630	http://sith.huma-num.fr/vocable/663
116640	http://sith.huma-num.fr/vocable/679
116761	http://sith.huma-num.fr/vocable/1465
116800	http://sith.huma-num.fr/vocable/339
116910	http://sith.huma-num.fr/vocable/1462
116930	http://sith.huma-num.fr/vocable/765
117340	http://sith.huma-num.fr/vocable/1173
117500	http://sith.huma-num.fr/vocable/830
117790	http://sith.huma-num.fr/vocable/1639
117680	http://sith.huma-num.fr/vocable/1431
117690	http://sith.huma-num.fr/vocable/895
117850	http://sith.huma-num.fr/vocable/936
854533	http://sith.huma-num.fr/vocable/1475
118230	http://sith.huma-num.fr/vocable/624
118310	http://sith.huma-num.fr/vocable/450
118490	http://sith.huma-num.fr/vocable/1503
850802	http://sith.huma-num.fr/vocable/444
119050	http://sith.huma-num.fr/vocable/198
859638	http://sith.huma-num.fr/vocable/969
119140	http://sith.huma-num.fr/vocable/1591
119380	http://sith.huma-num.fr/vocable/881
119430	http://sith.huma-num.fr/vocable/1463
119560	http://sith.huma-num.fr/vocable/499
119580	http://sith.huma-num.fr/toponyme/212
119610	http://sith.huma-num.fr/vocable/723
850795	http://sith.huma-num.fr/vocable/175
119940	http://sith.huma-num.fr/vocable/1384
120010	http://sith.huma-num.fr/vocable/1482
120070	http://sith.huma-num.fr/vocable/792
120090	http://sith.huma-num.fr/vocable/526
600211	http://sith.huma-num.fr/vocable/908
120150	http://sith.huma-num.fr/vocable/404
120460	http://sith.huma-num.fr/vocable/1264
120510	http://sith.huma-num.fr/vocable/1489
120700	http://sith.huma-num.fr/vocable/538
854535	http://sith.huma-num.fr/vocable/958
121030	http://sith.huma-num.fr/vocable/717
121200	http://sith.huma-num.fr/vocable/510
121230	http://sith.huma-num.fr/vocable/387
121600	http://sith.huma-num.fr/vocable/137
121320	http://sith.huma-num.fr/vocable/1193
121520	http://sith.huma-num.fr/vocable/743
121690	http://sith.huma-num.fr/vocable/864
121710	http://sith.huma-num.fr/vocable/1090
121740	http://sith.huma-num.fr/vocable/1499
122000	http://sith.huma-num.fr/vocable/1336
123200	http://sith.huma-num.fr/toponyme/39
123590	http://sith.huma-num.fr/theonyme/29
122080	http://sith.huma-num.fr/vocable/120
122220	http://sith.huma-num.fr/vocable/1289
122270	http://sith.huma-num.fr/vocable/558
122470	http://sith.huma-num.fr/vocable/367
122580	http://sith.huma-num.fr/vocable/1105
122640	http://sith.huma-num.fr/vocable/651
122870	http://sith.huma-num.fr/vocable/1632
123140	http://sith.huma-num.fr/vocable/1017
123160	http://sith.huma-num.fr/vocable/869
123860	http://sith.huma-num.fr/vocable/954
123420	http://sith.huma-num.fr/vocable/18
123550	http://sith.huma-num.fr/vocable/1027
123810	http://sith.huma-num.fr/vocable/1368
850794	http://sith.huma-num.fr/vocable/293
124220	http://sith.huma-num.fr/vocable/1572
855795	http://sith.huma-num.fr/vocable/393
123940	http://sith.huma-num.fr/vocable/116
400048	http://sith.huma-num.fr/vocable/1186
500034	http://sith.huma-num.fr/vocable/1515
500047	http://sith.huma-num.fr/vocable/1514
124150	http://sith.huma-num.fr/vocable/294
854539	http://sith.huma-num.fr/vocable/413
400267	http://sith.huma-num.fr/vocable/1001
124740	http://sith.huma-num.fr/vocable/373
124890	http://sith.huma-num.fr/vocable/518
124950	http://sith.huma-num.fr/vocable/1633
400051	http://sith.huma-num.fr/titulature/2
400051	http://sith.huma-num.fr/titulature/184
126140	http://sith.huma-num.fr/vocable/1374
126380	http://sith.huma-num.fr/toponyme/345
146890	http://sith.huma-num.fr/theonyme/52
125010	http://sith.huma-num.fr/vocable/670
125060	http://sith.huma-num.fr/vocable/512
125370	http://sith.huma-num.fr/vocable/1554
125510	http://sith.huma-num.fr/vocable/12
125600	http://sith.huma-num.fr/vocable/101
126300	http://sith.huma-num.fr/vocable/952
125630	http://sith.huma-num.fr/vocable/245
126360	http://sith.huma-num.fr/vocable/833
126290	http://sith.huma-num.fr/vocable/1151
126610	http://sith.huma-num.fr/vocable/428
127650	http://sith.huma-num.fr/vocable/818
129420	http://sith.huma-num.fr/vocable/197
855957	http://sith.huma-num.fr/vocable/86
130360	http://sith.huma-num.fr/vocable/1066
131460	http://sith.huma-num.fr/vocable/940
131670	http://sith.huma-num.fr/vocable/1253
854543	http://sith.huma-num.fr/vocable/32
133420	http://sith.huma-num.fr/vocable/1068
133690	http://sith.huma-num.fr/vocable/1025
134180	http://sith.huma-num.fr/vocable/306
134610	http://sith.huma-num.fr/vocable/633
854546	http://sith.huma-num.fr/vocable/956
137250	http://sith.huma-num.fr/vocable/1093
137580	http://sith.huma-num.fr/vocable/1005
137910	http://sith.huma-num.fr/vocable/1278
140340	http://sith.huma-num.fr/vocable/83
141400	http://sith.huma-num.fr/vocable/900
142470	http://sith.huma-num.fr/vocable/492
142440	http://sith.huma-num.fr/vocable/1634
143040	http://sith.huma-num.fr/vocable/1096
600375	http://sith.huma-num.fr/vocable/850
450097	http://sith.huma-num.fr/vocable/735
550055	http://sith.huma-num.fr/vocable/849
855553	http://sith.huma-num.fr/vocable/849
144300	http://sith.huma-num.fr/vocable/1473
144320	http://sith.huma-num.fr/vocable/851
144360	http://sith.huma-num.fr/vocable/429
145220	http://sith.huma-num.fr/vocable/234
145610	http://sith.huma-num.fr/vocable/894
145620	http://sith.huma-num.fr/vocable/891
400475	http://sith.huma-num.fr/titulature/329
400280	http://sith.huma-num.fr/titulature/305
132180	http://sith.huma-num.fr/theonyme/24
401114	http://sith.huma-num.fr/titulature/191
401042	http://sith.huma-num.fr/theonyme/49
400192	http://sith.huma-num.fr/titulature/187
851672	http://sith.huma-num.fr/theonyme/61
852187	http://sith.huma-num.fr/theonyme/41
400866	http://sith.huma-num.fr/titulature/295
450536	http://sith.huma-num.fr/vocable/1324
136450	http://sith.huma-num.fr/vocable/1180
650011	http://sith.huma-num.fr/titulature/304
852492	http://sith.huma-num.fr/toponyme/237
854925	http://sith.huma-num.fr/toponyme/78
139850	http://sith.huma-num.fr/theonyme/144
400449	http://sith.huma-num.fr/titulature/271
854936	http://sith.huma-num.fr/toponyme/235
141730	http://sith.huma-num.fr/theonyme/95
142250	http://sith.huma-num.fr/theonyme/21
859897	http://sith.huma-num.fr/theonyme/127
144620	http://sith.huma-num.fr/theonyme/46
855366	http://sith.huma-num.fr/titulature/301
854967	http://sith.huma-num.fr/toponyme/128
148520	http://sith.huma-num.fr/theonyme/25
854874	http://sith.huma-num.fr/titulature/33
400819	http://sith.huma-num.fr/titulature/54
400819	http://sith.huma-num.fr/titulature/193
149050	http://sith.huma-num.fr/theonyme/149
855021	http://sith.huma-num.fr/toponyme/138
854540	http://sith.huma-num.fr/vocable/24
125330	http://sith.huma-num.fr/vocable/784
125880	http://sith.huma-num.fr/vocable/1567
125890	http://sith.huma-num.fr/vocable/930
126520	http://sith.huma-num.fr/vocable/834
126650	http://sith.huma-num.fr/vocable/456
126730	http://sith.huma-num.fr/vocable/1388
126860	http://sith.huma-num.fr/vocable/1269
126980	http://sith.huma-num.fr/vocable/1494
127110	http://sith.huma-num.fr/vocable/1139
127220	http://sith.huma-num.fr/vocable/472
127770	http://sith.huma-num.fr/vocable/419
127840	http://sith.huma-num.fr/vocable/1000
128310	http://sith.huma-num.fr/vocable/291
128000	http://sith.huma-num.fr/vocable/399
128050	http://sith.huma-num.fr/vocable/1484
128090	http://sith.huma-num.fr/vocable/628
854525	http://sith.huma-num.fr/vocable/1254
128340	http://sith.huma-num.fr/vocable/1576
128660	http://sith.huma-num.fr/vocable/50
128840	http://sith.huma-num.fr/vocable/1211
128910	http://sith.huma-num.fr/vocable/364
128970	http://sith.huma-num.fr/vocable/673
129070	http://sith.huma-num.fr/vocable/96
129110	http://sith.huma-num.fr/vocable/1518
129120	http://sith.huma-num.fr/vocable/1446
129130	http://sith.huma-num.fr/vocable/917
129190	http://sith.huma-num.fr/vocable/23
129260	http://sith.huma-num.fr/vocable/620
129310	http://sith.huma-num.fr/vocable/1008
129490	http://sith.huma-num.fr/vocable/201
854542	http://sith.huma-num.fr/vocable/418
129610	http://sith.huma-num.fr/vocable/726
129630	http://sith.huma-num.fr/vocable/491
129740	http://sith.huma-num.fr/vocable/637
129860	http://sith.huma-num.fr/vocable/1141
129900	http://sith.huma-num.fr/vocable/898
129930	http://sith.huma-num.fr/vocable/623
130010	http://sith.huma-num.fr/vocable/230
130320	http://sith.huma-num.fr/vocable/474
130430	http://sith.huma-num.fr/vocable/471
130600	http://sith.huma-num.fr/vocable/1022
130630	http://sith.huma-num.fr/vocable/262
130680	http://sith.huma-num.fr/vocable/1220
130730	http://sith.huma-num.fr/vocable/1490
130740	http://sith.huma-num.fr/vocable/66
130950	http://sith.huma-num.fr/vocable/16
130960	http://sith.huma-num.fr/vocable/642
130970	http://sith.huma-num.fr/vocable/141
131180	http://sith.huma-num.fr/vocable/779
131200	http://sith.huma-num.fr/vocable/226
131210	http://sith.huma-num.fr/vocable/814
131530	http://sith.huma-num.fr/vocable/595
131970	http://sith.huma-num.fr/vocable/374
401163	http://sith.huma-num.fr/vocable/1450
132260	http://sith.huma-num.fr/vocable/446
854544	http://sith.huma-num.fr/vocable/478
132830	http://sith.huma-num.fr/vocable/1045
132870	http://sith.huma-num.fr/vocable/1233
133010	http://sith.huma-num.fr/vocable/912
133040	http://sith.huma-num.fr/vocable/1316
133180	http://sith.huma-num.fr/vocable/606
133780	http://sith.huma-num.fr/vocable/1306
133990	http://sith.huma-num.fr/vocable/351
856043	http://sith.huma-num.fr/vocable/1311
134140	http://sith.huma-num.fr/vocable/923
134370	http://sith.huma-num.fr/vocable/666
134630	http://sith.huma-num.fr/vocable/686
134750	http://sith.huma-num.fr/vocable/1300
134820	http://sith.huma-num.fr/vocable/782
135020	http://sith.huma-num.fr/vocable/1649
851677	http://sith.huma-num.fr/vocable/107
135360	http://sith.huma-num.fr/vocable/38
135420	http://sith.huma-num.fr/vocable/1445
856044	http://sith.huma-num.fr/vocable/1445
135720	http://sith.huma-num.fr/vocable/556
856128	http://sith.huma-num.fr/vocable/70
135690	http://sith.huma-num.fr/vocable/1153
136020	http://sith.huma-num.fr/vocable/1423
136040	http://sith.huma-num.fr/vocable/1422
136190	http://sith.huma-num.fr/vocable/1175
136230	http://sith.huma-num.fr/vocable/527
550359	http://sith.huma-num.fr/vocable/822
136260	http://sith.huma-num.fr/vocable/688
136280	http://sith.huma-num.fr/vocable/1474
550231	http://sith.huma-num.fr/vocable/358
136700	http://sith.huma-num.fr/vocable/1328
136340	http://sith.huma-num.fr/vocable/1477
136860	http://sith.huma-num.fr/vocable/655
136950	http://sith.huma-num.fr/vocable/47
851676	http://sith.huma-num.fr/vocable/1435
137350	http://sith.huma-num.fr/vocable/243
137530	http://sith.huma-num.fr/vocable/563
138010	http://sith.huma-num.fr/vocable/1121
138070	http://sith.huma-num.fr/vocable/892
138090	http://sith.huma-num.fr/vocable/893
138130	http://sith.huma-num.fr/vocable/924
138150	http://sith.huma-num.fr/vocable/530
138160	http://sith.huma-num.fr/vocable/523
138410	http://sith.huma-num.fr/vocable/1377
138650	http://sith.huma-num.fr/vocable/873
138670	http://sith.huma-num.fr/vocable/125
138700	http://sith.huma-num.fr/vocable/1400
138740	http://sith.huma-num.fr/vocable/362
851678	http://sith.huma-num.fr/vocable/753
851678	http://sith.huma-num.fr/vocable/255
138920	http://sith.huma-num.fr/vocable/776
138950	http://sith.huma-num.fr/vocable/454
852375	http://sith.huma-num.fr/vocable/776
855554	http://sith.huma-num.fr/vocable/776
139140	http://sith.huma-num.fr/vocable/430
139340	http://sith.huma-num.fr/vocable/390
550417	http://sith.huma-num.fr/vocable/1122
139660	http://sith.huma-num.fr/vocable/1271
139770	http://sith.huma-num.fr/vocable/1381
139920	http://sith.huma-num.fr/vocable/1280
140160	http://sith.huma-num.fr/vocable/1113
140620	http://sith.huma-num.fr/vocable/239
140410	http://sith.huma-num.fr/vocable/1648
140550	http://sith.huma-num.fr/vocable/167
140540	http://sith.huma-num.fr/vocable/1461
140780	http://sith.huma-num.fr/vocable/1081
140810	http://sith.huma-num.fr/vocable/1582
140890	http://sith.huma-num.fr/vocable/140
140980	http://sith.huma-num.fr/vocable/650
141090	http://sith.huma-num.fr/vocable/821
141120	http://sith.huma-num.fr/vocable/67
141190	http://sith.huma-num.fr/vocable/1238
141250	http://sith.huma-num.fr/vocable/282
141480	http://sith.huma-num.fr/vocable/439
141620	http://sith.huma-num.fr/vocable/1158
141690	http://sith.huma-num.fr/vocable/63
141830	http://sith.huma-num.fr/vocable/142
141970	http://sith.huma-num.fr/vocable/1016
141990	http://sith.huma-num.fr/vocable/939
142050	http://sith.huma-num.fr/vocable/36
142140	http://sith.huma-num.fr/vocable/1491
142180	http://sith.huma-num.fr/vocable/741
142190	http://sith.huma-num.fr/vocable/875
400331	http://sith.huma-num.fr/vocable/443
142280	http://sith.huma-num.fr/vocable/19
142430	http://sith.huma-num.fr/vocable/1645
142780	http://sith.huma-num.fr/vocable/341
142800	http://sith.huma-num.fr/vocable/342
142830	http://sith.huma-num.fr/vocable/1242
854548	http://sith.huma-num.fr/vocable/434
854548	http://sith.huma-num.fr/vocable/733
143330	http://sith.huma-num.fr/vocable/504
143700	http://sith.huma-num.fr/vocable/357
143890	http://sith.huma-num.fr/vocable/594
143800	http://sith.huma-num.fr/vocable/1270
143970	http://sith.huma-num.fr/vocable/1548
144020	http://sith.huma-num.fr/vocable/1538
850595	http://sith.huma-num.fr/vocable/1531
144440	http://sith.huma-num.fr/vocable/1593
144640	http://sith.huma-num.fr/vocable/565
144860	http://sith.huma-num.fr/vocable/695
145120	http://sith.huma-num.fr/vocable/747
144980	http://sith.huma-num.fr/vocable/105
851818	http://sith.huma-num.fr/vocable/1256
145680	http://sith.huma-num.fr/vocable/691
145700	http://sith.huma-num.fr/vocable/1517
145830	http://sith.huma-num.fr/vocable/1287
145840	http://sith.huma-num.fr/vocable/786
145880	http://sith.huma-num.fr/vocable/1107
145960	http://sith.huma-num.fr/vocable/835
146060	http://sith.huma-num.fr/vocable/1135
854551	http://sith.huma-num.fr/vocable/127
146240	http://sith.huma-num.fr/vocable/780
146360	http://sith.huma-num.fr/vocable/1379
146540	http://sith.huma-num.fr/vocable/1602
146770	http://sith.huma-num.fr/vocable/1054
147010	http://sith.huma-num.fr/vocable/1095
147160	http://sith.huma-num.fr/vocable/1031
147220	http://sith.huma-num.fr/vocable/799
147220	http://sith.huma-num.fr/vocable/801
147300	http://sith.huma-num.fr/vocable/737
854553	http://sith.huma-num.fr/vocable/757
147910	http://sith.huma-num.fr/vocable/674
853590	http://sith.huma-num.fr/vocable/559
854554	http://sith.huma-num.fr/vocable/252
148170	http://sith.huma-num.fr/vocable/1083
550337	http://sith.huma-num.fr/vocable/126
148220	http://sith.huma-num.fr/vocable/685
854555	http://sith.huma-num.fr/vocable/937
148930	http://sith.huma-num.fr/vocable/1397
148990	http://sith.huma-num.fr/vocable/626
149100	http://sith.huma-num.fr/vocable/354
854556	http://sith.huma-num.fr/vocable/1337
149370	http://sith.huma-num.fr/vocable/681
149660	http://sith.huma-num.fr/vocable/1362
150110	http://sith.huma-num.fr/vocable/1470
150150	http://sith.huma-num.fr/vocable/1363
150510	http://sith.huma-num.fr/vocable/395
150560	http://sith.huma-num.fr/vocable/72
150930	http://sith.huma-num.fr/vocable/229
150940	http://sith.huma-num.fr/vocable/1098
157930	http://sith.huma-num.fr/toponyme/444
854840	http://sith.huma-num.fr/toponyme/273
151930	http://sith.huma-num.fr/toponyme/243
152710	http://sith.huma-num.fr/theonyme/28
859561	http://sith.huma-num.fr/toponyme/354
859561	http://sith.huma-num.fr/toponyme/399
154760	http://sith.huma-num.fr/toponyme/25
156880	http://sith.huma-num.fr/toponyme/195
854969	http://sith.huma-num.fr/toponyme/129
854557	http://sith.huma-num.fr/vocable/1640
151110	http://sith.huma-num.fr/vocable/621
151220	http://sith.huma-num.fr/vocable/999
851685	http://sith.huma-num.fr/vocable/1333
550077	http://sith.huma-num.fr/vocable/555
152040	http://sith.huma-num.fr/vocable/803
152300	http://sith.huma-num.fr/vocable/768
152280	http://sith.huma-num.fr/vocable/934
152490	http://sith.huma-num.fr/vocable/94
152600	http://sith.huma-num.fr/vocable/1469
152830	http://sith.huma-num.fr/vocable/87
152880	http://sith.huma-num.fr/vocable/1635
152670	http://sith.huma-num.fr/vocable/15
153110	http://sith.huma-num.fr/vocable/1641
153330	http://sith.huma-num.fr/vocable/972
153490	http://sith.huma-num.fr/vocable/808
153500	http://sith.huma-num.fr/vocable/1102
153740	http://sith.huma-num.fr/vocable/762
400546	http://sith.huma-num.fr/vocable/285
153980	http://sith.huma-num.fr/vocable/903
154080	http://sith.huma-num.fr/vocable/442
154240	http://sith.huma-num.fr/vocable/305
154850	http://sith.huma-num.fr/vocable/1092
154860	http://sith.huma-num.fr/vocable/1546
154400	http://sith.huma-num.fr/vocable/816
154340	http://sith.huma-num.fr/vocable/1033
154800	http://sith.huma-num.fr/vocable/1126
154810	http://sith.huma-num.fr/vocable/992
154780	http://sith.huma-num.fr/vocable/215
154890	http://sith.huma-num.fr/vocable/815
155000	http://sith.huma-num.fr/vocable/102
155350	http://sith.huma-num.fr/vocable/576
155530	http://sith.huma-num.fr/vocable/1647
155660	http://sith.huma-num.fr/vocable/921
155450	http://sith.huma-num.fr/vocable/1471
854560	http://sith.huma-num.fr/vocable/1208
155900	http://sith.huma-num.fr/vocable/976
155970	http://sith.huma-num.fr/vocable/228
156060	http://sith.huma-num.fr/vocable/1303
156230	http://sith.huma-num.fr/vocable/479
156610	http://sith.huma-num.fr/vocable/93
156650	http://sith.huma-num.fr/vocable/325
156780	http://sith.huma-num.fr/vocable/1020
156870	http://sith.huma-num.fr/vocable/1589
157160	http://sith.huma-num.fr/vocable/259
157210	http://sith.huma-num.fr/vocable/868
157430	http://sith.huma-num.fr/vocable/1598
156930	http://sith.huma-num.fr/vocable/279
156950	http://sith.huma-num.fr/vocable/249
157030	http://sith.huma-num.fr/vocable/951
157870	http://sith.huma-num.fr/vocable/1605
158000	http://sith.huma-num.fr/vocable/919
400452	http://sith.huma-num.fr/vocable/269
158430	http://sith.huma-num.fr/vocable/1327
158440	http://sith.huma-num.fr/vocable/963
158600	http://sith.huma-num.fr/vocable/1015
854561	http://sith.huma-num.fr/vocable/1128
854561	http://sith.huma-num.fr/vocable/462
158910	http://sith.huma-num.fr/vocable/1112
863225	http://sith.huma-num.fr/titulature/319
863225	http://sith.huma-num.fr/titulature/332
159740	http://sith.huma-num.fr/toponyme/42
859025	http://sith.huma-num.fr/toponyme/344
859554	http://sith.huma-num.fr/toponyme/351
859552	http://sith.huma-num.fr/toponyme/350
600136	http://sith.huma-num.fr/toponyme/352
854941	http://sith.huma-num.fr/toponyme/239
162640	http://sith.huma-num.fr/toponyme/229
858792	http://sith.huma-num.fr/toponyme/60
158990	http://sith.huma-num.fr/vocable/1457
159110	http://sith.huma-num.fr/vocable/1611
159010	http://sith.huma-num.fr/vocable/284
854562	http://sith.huma-num.fr/vocable/957
159720	http://sith.huma-num.fr/vocable/611
159810	http://sith.huma-num.fr/vocable/773
854563	http://sith.huma-num.fr/vocable/1613
160330	http://sith.huma-num.fr/vocable/123
160590	http://sith.huma-num.fr/vocable/1508
854564	http://sith.huma-num.fr/vocable/240
160800	http://sith.huma-num.fr/vocable/988
550122	http://sith.huma-num.fr/vocable/1560
161030	http://sith.huma-num.fr/vocable/448
161290	http://sith.huma-num.fr/vocable/1596
161330	http://sith.huma-num.fr/vocable/1405
850878	http://sith.huma-num.fr/vocable/1108
161450	http://sith.huma-num.fr/vocable/1243
161610	http://sith.huma-num.fr/vocable/1134
854566	http://sith.huma-num.fr/vocable/1133
161960	http://sith.huma-num.fr/vocable/1566
162200	http://sith.huma-num.fr/vocable/1558
162310	http://sith.huma-num.fr/vocable/1209
162420	http://sith.huma-num.fr/vocable/92
162470	http://sith.huma-num.fr/vocable/645
162490	http://sith.huma-num.fr/vocable/1549
859117	http://sith.huma-num.fr/titulature/233
400864	http://sith.huma-num.fr/titulature/293
400891	http://sith.huma-num.fr/titulature/105
400891	http://sith.huma-num.fr/titulature/177
400828	http://sith.huma-num.fr/titulature/276
400828	http://sith.huma-num.fr/titulature/68
400828	http://sith.huma-num.fr/titulature/82
400828	http://sith.huma-num.fr/titulature/194
400877	http://sith.huma-num.fr/titulature/81
400877	http://sith.huma-num.fr/titulature/150
400877	http://sith.huma-num.fr/titulature/162
852673	http://sith.huma-num.fr/titulature/86
400802	http://sith.huma-num.fr/titulature/61
400802	http://sith.huma-num.fr/titulature/331
400802	http://sith.huma-num.fr/titulature/123
400802	http://sith.huma-num.fr/titulature/217
400802	http://sith.huma-num.fr/titulature/221
400802	http://sith.huma-num.fr/titulature/248
400870	http://sith.huma-num.fr/titulature/75
854799	http://sith.huma-num.fr/titulature/195
859797	http://sith.huma-num.fr/titulature/94
860015	http://sith.huma-num.fr/titulature/27
854977	http://sith.huma-num.fr/toponyme/140
163680	http://sith.huma-num.fr/toponyme/44
164260	http://sith.huma-num.fr/toponyme/290
164430	http://sith.huma-num.fr/toponyme/15
164510	http://sith.huma-num.fr/toponyme/222
854886	http://sith.huma-num.fr/toponyme/246
164840	http://sith.huma-num.fr/toponyme/204
162850	http://sith.huma-num.fr/vocable/1042
162870	http://sith.huma-num.fr/vocable/95
162890	http://sith.huma-num.fr/vocable/1084
162930	http://sith.huma-num.fr/vocable/147
163010	http://sith.huma-num.fr/vocable/460
163220	http://sith.huma-num.fr/vocable/1166
163310	http://sith.huma-num.fr/vocable/883
163420	http://sith.huma-num.fr/vocable/470
163620	http://sith.huma-num.fr/vocable/885
163690	http://sith.huma-num.fr/vocable/755
163840	http://sith.huma-num.fr/vocable/1030
163830	http://sith.huma-num.fr/vocable/1250
400645	http://sith.huma-num.fr/vocable/1187
853260	http://sith.huma-num.fr/vocable/856
163990	http://sith.huma-num.fr/vocable/1600
164230	http://sith.huma-num.fr/vocable/1091
164370	http://sith.huma-num.fr/vocable/700
401218	http://sith.huma-num.fr/vocable/1568
165450	http://sith.huma-num.fr/vocable/707
165430	http://sith.huma-num.fr/vocable/708
165470	http://sith.huma-num.fr/vocable/1046
165520	http://sith.huma-num.fr/vocable/1369
165680	http://sith.huma-num.fr/vocable/398
165810	http://sith.huma-num.fr/vocable/1551
165930	http://sith.huma-num.fr/vocable/1069
854958	http://sith.huma-num.fr/toponyme/121
167010	http://sith.huma-num.fr/theonyme/4
854933	http://sith.huma-num.fr/toponyme/82
166220	http://sith.huma-num.fr/vocable/1118
166280	http://sith.huma-num.fr/vocable/1402
166370	http://sith.huma-num.fr/vocable/1298
166660	http://sith.huma-num.fr/vocable/644
167050	http://sith.huma-num.fr/vocable/1585
166990	http://sith.huma-num.fr/theonyme/68
167210	http://sith.huma-num.fr/vocable/27
167270	http://sith.huma-num.fr/vocable/1161
167440	http://sith.huma-num.fr/vocable/108
167790	http://sith.huma-num.fr/vocable/712
167820	http://sith.huma-num.fr/vocable/1138
167920	http://sith.huma-num.fr/vocable/397
168040	http://sith.huma-num.fr/vocable/554
854571	http://sith.huma-num.fr/vocable/749
168210	http://sith.huma-num.fr/vocable/311
854572	http://sith.huma-num.fr/vocable/1154
854572	http://sith.huma-num.fr/vocable/1443
168360	http://sith.huma-num.fr/vocable/748
168310	http://sith.huma-num.fr/vocable/636
168670	http://sith.huma-num.fr/vocable/1241
852232	http://sith.huma-num.fr/vocable/811
168970	http://sith.huma-num.fr/toponyme/1
169040	http://sith.huma-num.fr/toponyme/200
550364	http://sith.huma-num.fr/toponyme/272
600085	http://sith.huma-num.fr/theonyme/152
169110	http://sith.huma-num.fr/toponyme/34
169120	http://sith.huma-num.fr/toponyme/52
169200	http://sith.huma-num.fr/toponyme/221
169280	http://sith.huma-num.fr/toponyme/224
169310	http://sith.huma-num.fr/toponyme/11
169360	http://sith.huma-num.fr/theonyme/45
854944	http://sith.huma-num.fr/toponyme/292
171000	http://sith.huma-num.fr/toponyme/449
858793	http://sith.huma-num.fr/toponyme/65
171880	http://sith.huma-num.fr/theonyme/27
854934	http://sith.huma-num.fr/toponyme/84
854923	http://sith.huma-num.fr/toponyme/83
862990	http://sith.huma-num.fr/titulature/120
854928	http://sith.huma-num.fr/toponyme/80
450656	http://sith.huma-num.fr/titulature/308
168810	http://sith.huma-num.fr/vocable/1441
600033	http://sith.huma-num.fr/vocable/343
168830	http://sith.huma-num.fr/vocable/128
851622	http://sith.huma-num.fr/vocable/1227
854573	http://sith.huma-num.fr/vocable/203
169082	http://sith.huma-num.fr/vocable/677
169180	http://sith.huma-num.fr/toponyme/232
550046	http://sith.huma-num.fr/vocable/1226
169650	http://sith.huma-num.fr/vocable/256
169720	http://sith.huma-num.fr/vocable/1506
169790	http://sith.huma-num.fr/vocable/253
170080	http://sith.huma-num.fr/vocable/616
851518	http://sith.huma-num.fr/vocable/214
854575	http://sith.huma-num.fr/vocable/602
170270	http://sith.huma-num.fr/vocable/355
170320	http://sith.huma-num.fr/vocable/1279
854576	http://sith.huma-num.fr/vocable/857
170470	http://sith.huma-num.fr/vocable/451
850801	http://sith.huma-num.fr/vocable/193
854577	http://sith.huma-num.fr/vocable/292
854577	http://sith.huma-num.fr/vocable/1156
171460	http://sith.huma-num.fr/vocable/186
550180	http://sith.huma-num.fr/vocable/1612
171650	http://sith.huma-num.fr/vocable/671
171130	http://sith.huma-num.fr/vocable/843
171210	http://sith.huma-num.fr/vocable/400
171270	http://sith.huma-num.fr/vocable/848
600420	http://sith.huma-num.fr/vocable/1498
171730	http://sith.huma-num.fr/vocable/1047
854578	http://sith.huma-num.fr/vocable/529
172360	http://sith.huma-num.fr/vocable/1532
172530	http://sith.huma-num.fr/vocable/596
172700	http://sith.huma-num.fr/vocable/435
172920	http://sith.huma-num.fr/vocable/795
172980	http://sith.huma-num.fr/vocable/1315
173240	http://sith.huma-num.fr/vocable/257
173450	http://sith.huma-num.fr/vocable/862
173540	http://sith.huma-num.fr/vocable/1294
173620	http://sith.huma-num.fr/vocable/1217
173680	http://sith.huma-num.fr/vocable/742
173740	http://sith.huma-num.fr/vocable/1086
173770	http://sith.huma-num.fr/vocable/1464
550363	http://sith.huma-num.fr/toponyme/487
174740	http://sith.huma-num.fr/toponyme/223
800046	http://sith.huma-num.fr/toponyme/263
175730	http://sith.huma-num.fr/toponyme/69
176020	http://sith.huma-num.fr/theonyme/39
176680	http://sith.huma-num.fr/toponyme/156
859028	http://sith.huma-num.fr/toponyme/62
855017	http://sith.huma-num.fr/toponyme/144
173870	http://sith.huma-num.fr/vocable/617
173960	http://sith.huma-num.fr/vocable/344
174240	http://sith.huma-num.fr/vocable/625
174040	http://sith.huma-num.fr/vocable/890
174090	http://sith.huma-num.fr/vocable/931
174480	http://sith.huma-num.fr/vocable/603
174560	http://sith.huma-num.fr/vocable/1065
176800	http://sith.huma-num.fr/vocable/640
174900	http://sith.huma-num.fr/vocable/211
175050	http://sith.huma-num.fr/vocable/212
175160	http://sith.huma-num.fr/vocable/271
175640	http://sith.huma-num.fr/vocable/406
175830	http://sith.huma-num.fr/vocable/248
175840	http://sith.huma-num.fr/vocable/1581
176060	http://sith.huma-num.fr/vocable/522
176070	http://sith.huma-num.fr/vocable/798
176160	http://sith.huma-num.fr/vocable/54
176220	http://sith.huma-num.fr/vocable/1185
176350	http://sith.huma-num.fr/vocable/502
854580	http://sith.huma-num.fr/vocable/1120
176620	http://sith.huma-num.fr/vocable/557
176740	http://sith.huma-num.fr/vocable/1386
176750	http://sith.huma-num.fr/vocable/573
177390	http://sith.huma-num.fr/toponyme/462
177420	http://sith.huma-num.fr/vocable/1541
850929	http://sith.huma-num.fr/theonyme/93
859069	http://sith.huma-num.fr/toponyme/301
178950	http://sith.huma-num.fr/toponyme/19
859550	http://sith.huma-num.fr/toponyme/231
181320	http://sith.huma-num.fr/theonyme/69
177710	http://sith.huma-num.fr/vocable/485
177740	http://sith.huma-num.fr/vocable/831
854584	http://sith.huma-num.fr/vocable/121
178120	http://sith.huma-num.fr/vocable/929
854583	http://sith.huma-num.fr/vocable/710
178610	http://sith.huma-num.fr/vocable/781
178750	http://sith.huma-num.fr/vocable/332
178850	http://sith.huma-num.fr/vocable/514
858677	http://sith.huma-num.fr/vocable/1367
179040	http://sith.huma-num.fr/vocable/1170
179050	http://sith.huma-num.fr/vocable/482
179100	http://sith.huma-num.fr/vocable/1282
179180	http://sith.huma-num.fr/vocable/283
179190	http://sith.huma-num.fr/vocable/1051
179230	http://sith.huma-num.fr/vocable/135
179320	http://sith.huma-num.fr/vocable/1398
179330	http://sith.huma-num.fr/vocable/321
179420	http://sith.huma-num.fr/vocable/218
179440	http://sith.huma-num.fr/vocable/1545
179860	http://sith.huma-num.fr/vocable/901
179910	http://sith.huma-num.fr/vocable/631
180040	http://sith.huma-num.fr/vocable/905
180130	http://sith.huma-num.fr/vocable/553
180170	http://sith.huma-num.fr/vocable/1406
180220	http://sith.huma-num.fr/vocable/775
180250	http://sith.huma-num.fr/vocable/1497
854587	http://sith.huma-num.fr/vocable/1258
180600	http://sith.huma-num.fr/vocable/1190
550232	http://sith.huma-num.fr/vocable/1434
180820	http://sith.huma-num.fr/vocable/760
180830	http://sith.huma-num.fr/vocable/810
180850	http://sith.huma-num.fr/vocable/455
180850	http://sith.huma-num.fr/toponyme/71
180940	http://sith.huma-num.fr/vocable/1192
180950	http://sith.huma-num.fr/vocable/675
181140	http://sith.huma-num.fr/vocable/847
177900	http://sith.huma-num.fr/vocable/1606
550350	http://sith.huma-num.fr/toponyme/5
854864	http://sith.huma-num.fr/toponyme/49
185290	http://sith.huma-num.fr/theonyme/15
800049	http://sith.huma-num.fr/toponyme/264
400441	http://sith.huma-num.fr/titulature/173
400441	http://sith.huma-num.fr/titulature/175
600180	http://sith.huma-num.fr/anthroponyme/1
400969	http://sith.huma-num.fr/toponyme/205
185980	http://sith.huma-num.fr/toponyme/36
181350	http://sith.huma-num.fr/vocable/440
181400	http://sith.huma-num.fr/vocable/172
181401	http://sith.huma-num.fr/vocable/171
181880	http://sith.huma-num.fr/vocable/1206
181810	http://sith.huma-num.fr/vocable/1330
182000	http://sith.huma-num.fr/vocable/473
182160	http://sith.huma-num.fr/vocable/661
182220	http://sith.huma-num.fr/vocable/1390
182390	http://sith.huma-num.fr/vocable/1460
182480	http://sith.huma-num.fr/vocable/586
182710	http://sith.huma-num.fr/vocable/242
854589	http://sith.huma-num.fr/vocable/544
182830	http://sith.huma-num.fr/vocable/1013
182860	http://sith.huma-num.fr/vocable/973
182980	http://sith.huma-num.fr/vocable/1444
183120	http://sith.huma-num.fr/vocable/732
854590	http://sith.huma-num.fr/vocable/1307
183350	http://sith.huma-num.fr/vocable/1521
183300	http://sith.huma-num.fr/vocable/206
183320	http://sith.huma-num.fr/vocable/1637
183430	http://sith.huma-num.fr/vocable/1360
183850	http://sith.huma-num.fr/vocable/337
183990	http://sith.huma-num.fr/vocable/1292
179790	http://sith.huma-num.fr/vocable/1325
850803	http://sith.huma-num.fr/vocable/410
184990	http://sith.huma-num.fr/vocable/619
184630	http://sith.huma-num.fr/vocable/520
184980	http://sith.huma-num.fr/vocable/955
184800	http://sith.huma-num.fr/vocable/185
185060	http://sith.huma-num.fr/vocable/490
185270	http://sith.huma-num.fr/vocable/1244
185320	http://sith.huma-num.fr/vocable/1184
854591	http://sith.huma-num.fr/vocable/254
550229	http://sith.huma-num.fr/vocable/289
854592	http://sith.huma-num.fr/vocable/746
185650	http://sith.huma-num.fr/vocable/845
185590	http://sith.huma-num.fr/vocable/143
185810	http://sith.huma-num.fr/vocable/74
400140	http://sith.huma-num.fr/vocable/45
186050	http://sith.huma-num.fr/vocable/146
854593	http://sith.huma-num.fr/vocable/180
186250	http://sith.huma-num.fr/vocable/812
186320	http://sith.huma-num.fr/vocable/1504
